created_at_utc,author_handle,post_text
2026-07-11 01:05:25+00:00,elespectador.com,El exmagistrado fue capturado en 2023 para cumplir la condena de seis años de prisión que le fue impuesta por el delito de concusión. https://ok.me/KaDQ1
2026-07-11 01:04:25+00:00,elespectador.com,"El Brent pasó de USD 144 a USD 77 tras el cierre de Ormuz. Las reservas e inventarios evitaron el colapso, pero la tregua se rompió. https://ok.me/HaDQ1"
2026-07-11 01:03:24+00:00,elespectador.com,El alto tribunal concluyó que la funcionaria no acreditó uno de los requisitos legales para ejercer el cargo. https://ok.me/EaDQ1
2026-07-11 01:02:25+00:00,elespectador.com,Rodrigo Lara y Lidio García abren puerta al Congreso para posesionar al presidente en base militar. Aseguran que dependen del legislativo. https://ok.me/BaDQ1
2026-07-11 00:56:27+00:00,elespectador.com,Las dos compañías habían sellado una alianza en 2024 para integrar ChatGPT en el iPhone. Hoy se enfrentan en un tribunal federal. https://ok.me/7aDQ1
2026-07-11 00:33:26+00:00,elespectador.com,Dos meses llevan el Distrito y la empresa de transporte dueña del lote en un tire y afloje para tasar el valor del terreno. https://ok.me/1aDQ1
2026-07-11 00:32:28+00:00,elespectador.com,Dos verdaderos titanes del fútbol mundial se medirán en una de las semifinales del Mundial 2026. https://ok.me/yZDQ1
2026-07-11 00:26:28+00:00,elespectador.com,"El próximo martes 14 de julio se realizará un evento en el que se discutirá sobre los censos, aprendizajes y el futuro estadístico del país. https://ok.me/uZDQ1"
2026-07-11 00:14:31+00:00,elespectador.com,Se alega que la privación de libertad de Castillo careció de base legal. Él pide que se acate de inmediato lo dicho por el grupo de la ONU. https://ok.me/pZDQ1
2026-07-10 23:48:28+00:00,elespectador.com,EE.UU. y Escudo de las Américas expresan preocupación por declaraciones de Petro sobre elecciones; José Manuel Restrepo agradeció el gesto. https://ok.me/lZDQ1
2026-07-10 23:44:42+00:00,elespectador.com,"Santiago Uribe fue condenado a 28 años y tres meses de prisión por liderar el grupo paramilitar ""Los 12 Apóstoles"". https://ok.me/iZDQ1"
2026-07-10 23:32:40+00:00,elespectador.com,"Hay diferentes acciones dirigidas al sector agropecuario, energético, hídrico y para hacerle frente a posibles incendios forestales. https://ok.me/fZDQ1"
2026-07-10 23:24:28+00:00,elespectador.com,"La magistrada María Gabriela Ábalos, una de las invitadas al Congreso Mundial de Derecho Constitucional, habló con El Espectador. https://ok.me/bZDQ1"
2026-07-10 23:05:22+00:00,elespectador.com,"La película sobre el almirante Padilla, que causó controversia hace unos meses, recientemente estrenó su primer tráiler completo. https://ok.me/WZDQ1"
2026-07-10 23:04:21+00:00,elespectador.com,Los franceses superaron en cuartos a Marruecos y los españoles hicieron lo propio con Bélgica. ¿Viene un partidazo? https://ok.me/TZDQ1
2026-07-10 23:03:22+00:00,elespectador.com,La mujer falleció en un centro asistencial. Medicina Legal establecerá si su muerte está relacionada con un procedimiento estético. https://ok.me/QZDQ1
2026-07-10 23:02:22+00:00,elespectador.com,Su destino será integrarse formalmente a las filas de la Unidad Humanitaria y de Rescate (UHR) de la Fuerza Armada. https://ok.me/NZDQ1
2026-07-10 23:00:23+00:00,elespectador.com,"Medicamentos, materiales de construcción y alimentos encabezan lo que Colombia podría despachar para la reconstrucción del país vecino. https://ok.me/JZDQ1"
2026-07-10 22:36:23+00:00,elespectador.com,La mandataria mexicana aseguró que el diálogo y el respeto serán fundamentales para profundizar en los asuntos comunes a ambos países. https://ok.me/GZDQ1
2026-07-10 22:33:22+00:00,elespectador.com,"El objetivo es recaudar recursos para el “Hogar Amparo Quin”, una construcción para niños con discapacidad. https://ok.me/CZDQ1"
2026-07-10 22:32:19+00:00,elespectador.com,"La Fundación Trípido recopiló testimonios de presuntas agresiones que, según sus denunciantes, revelarían un patrón de violencia policial. https://ok.me/9ZDQ1"
2026-07-10 22:20:23+00:00,elespectador.com,"El pronóstico dice que aumentará la nubosidad en todo el país, pero que igual podrían presentarse sensaciones térmicas elevadas. https://ok.me/6ZDQ1"
2026-07-10 21:54:23+00:00,elespectador.com,Familiares de los detenidos en la cárcel Rodeo I denunciaron las condiciones a las que han sido expuestos sus allegados tras los sismos. https://ok.me/2ZDQ1
2026-07-10 21:42:24+00:00,elespectador.com,"Si cree que el amor solo existe entre las personas, quizá se sorprenda al descubrir que también ha echado raíces en el mundo de las plantas. https://ok.me/yYDQ1"
2026-07-10 21:36:40+00:00,elespectador.com,Vendedores informales del Parque Berrío esperan que se cumplan acuerdos tras cerramiento ordenado por la Alcaldía de Medellín. https://ok.me/vYDQ1
2026-07-10 21:31:22+00:00,elespectador.com,El representante fue condenado a cinco años y más de ocho meses de prisión por hechos ocurridos entre 2008 y 2009. https://ok.me/rYDQ1
2026-07-10 21:30:22+00:00,elespectador.com,La decisión corresponde a un desacato de tutela presentado por la representante a la Cámara Katherine Miranda. https://ok.me/nYDQ1
2026-07-10 21:28:34+00:00,elespectador.com,Dirección de Sustitución de Cultivos se reunió con delegación de EE.UU. para mostrar resultados de su política y firmó convenio con Bélgica. https://ok.me/MYDQ1
2026-07-10 21:12:22+00:00,elespectador.com,Las funciones que desde hace años vienen realizando estas organizaciones en los territorios ahora serán reconocidas formalmente. https://ok.me/wXDQ1
2026-07-10 21:10:26+00:00,elespectador.com,Las autoridades detuvieron a uno de los implicados en el robo de una escultura de la artista Leonora Carrington de una iglesia en CDMX. https://ok.me/RXDQ1
2026-07-10 21:08:22+00:00,elespectador.com,"El Brent cerró en USD 76,01 y el WTI en USD 71,41, tras una semana de hostilidades en la región. https://ok.me/0XDQ1"
2026-07-10 20:58:21+00:00,elespectador.com,"Al igual que la séptima fracción, el recorrido terminará en un esprint colectivo para los mejores velocistas del Tour. https://ok.me/rWDQ1"
2026-07-10 20:52:19+00:00,elespectador.com,"La ruana volverá a ser la gran protagonista en Boyacá. Del 10 al 12 de julio, Nobsa reunirá a artesanos, músicos, cocineros y visitantes https://ok.me/nWDQ1"
2026-07-10 20:40:29+00:00,elespectador.com,"En Perú, unos 468 recién nacidos fueron inscritos con el apellido del noruego, mientras que otros 91 recibieron su nombre completo. https://ok.me/jWDQ1"
2026-07-10 20:13:38+00:00,elespectador.com,Daniel Briceño anunció que no aceptará el esquema de seguridad del Congreso y sigue la puja por la Dirección Administrativa de la Cámara. https://ok.me/BWDQ1
2026-07-10 20:12:24+00:00,elespectador.com,"Muchos animales sobrevivieron al terremoto, pero permanecen desorientados entre los escombros de lo que antes fueron sus hogares. https://ok.me/5WDQ1"
2026-07-10 20:10:28+00:00,elespectador.com,El IDRD espera contar en agosto con un presupuesto preliminar para avanzar hacia la fase de construcción. https://ok.me/wVDQ1
2026-07-10 20:02:21+00:00,elespectador.com,"El juego gratuito para Android invita a encontrar gatos, registrarlos con la cámara y llenar un álbum digital. https://ok.me/lVDQ1"
2026-07-10 19:52:23+00:00,elespectador.com,El presidente Gustavo Petro aseguró recientemente en sus redes sociales que José Fernando Cardona estaba preso. https://ok.me/gVDQ1
2026-07-10 19:36:29+00:00,elespectador.com,"Sinner se ha visto beneficiado en Roland Garros y Wimbledon por la baja del español Carlos Alcaraz, número dos mundial. https://ok.me/SVDQ1"
2026-07-10 19:32:23+00:00,elespectador.com,Este ha sido catalogado como el incendio más mortífero del país en lo que va del siglo: 12 muertos y más de 1.400 desalojados. https://ok.me/PVDQ1
2026-07-10 19:28:30+00:00,elespectador.com,Asesinato de Diana Milena Pescador en La Victoria eleva a 77 los líderes sociales asesinados en Colombia durante 2026. https://ok.me/MVDQ1
2026-07-10 19:14:20+00:00,elespectador.com,"Según las autoridades, estas personas mantenían vínculos estratégicos con el grupo armado ACSN, quienes les suministraban apoyo logístico. https://ok.me/IVDQ1"
2026-07-10 19:02:28+00:00,elespectador.com,"Lejos de asustarse por la marcada diferencia de tamaño y fuerza, el felino adoptó una postura territorial. https://ok.me/EVDQ1"
2026-07-10 18:44:21+00:00,elespectador.com,CNE le daría luz verde a Defensores de la Patria para ser partido: esto falta para el movimiento de Abelardo de la Espriella. https://ok.me/uUDQ1
2026-07-10 18:20:22+00:00,elespectador.com,La compañía apuesta por flujo de caja y recuperación de cartera para cumplir su reorganización y ser sostenible en el tiempo. https://ok.me/iUDQ1
2026-07-10 18:04:20+00:00,elespectador.com,Los directores Esteban Hoyos García y Juan Miguel Gelacio presentan en la competencia oficial del festival checo su nuevo largometraje. https://ok.me/LUDQ1
2026-07-10 18:03:22+00:00,elespectador.com,"A meses de las elecciones, Trump analiza nuevas acciones militares en Irán mientras crecen las dudas sobre los objetivos iniciales. https://ok.me/HUDQ1"
2026-07-10 18:02:23+00:00,elespectador.com,"España quiere llegar a su segunda semifinal en la historia, mientras que Bélgica a la tercera en su registro. https://ok.me/EUDQ1"
2026-07-10 18:00:37+00:00,elespectador.com,Alejandro Valenzuela Rojas se habría apropiado de casi USD 12 mil cobrando viáticos de forma irregular. https://ok.me/AUDQ1
2026-07-10 17:52:21+00:00,elespectador.com,El evento reunirá agrupaciones seleccionadas mediante convocatoria pública. https://ok.me/3UDQ1
2026-07-10 17:30:24+00:00,elespectador.com,¿Cuáles puentes en Arauca se vieron afectados por las crecientes tras intensas lluvias? https://ok.me/vTDQ1
2026-07-10 17:23:23+00:00,elespectador.com,"Al parecer, el Gobierno de Abelardo de la Espriella tiene la intención de eliminar las ETI que formalizó el Gobierno actual. ¿Qué esperar? https://ok.me/oTDQ1"
2026-07-10 17:22:21+00:00,elespectador.com,"El Magazín Cultural le sugiere para este fin de semana en la capital. La música sinfónica, el teatro y el cine integran la programación. https://ok.me/kTDQ1"
2026-07-10 17:16:21+00:00,elespectador.com,Testigos relataron que otros pasajeros evitaron una tragedia al sujetar a un hombre que quedó parcialmente fuera del avión. https://ok.me/hTDQ1
2026-07-10 17:14:22+00:00,elespectador.com,"Jorge Iván Ospina asegura que Nueva EPS sí puede recuperarse, pero advierte que necesitará capitalización y cambios de fondo. https://ok.me/eTDQ1"
2026-07-10 17:11:20+00:00,elespectador.com,Una abuela y su nieto murieron en el incendio que arrasó más de 25 casas en Quibdó. https://ok.me/bTDQ1
2026-07-10 17:10:22+00:00,elespectador.com,El futbolista colombiano Camilo Durán es nuevo jugador del Celtic escocés. Llega procedente del Qarabag de Azerbaiyán. https://ok.me/YTDQ1
2026-07-10 17:04:22+00:00,elespectador.com,"La administración de Gustavo Petro deja avances, pero no concreta el modelo que regirá el fondo durante los próximos 10 años. https://ok.me/RTDQ1"
2026-07-10 17:02:31+00:00,elespectador.com,"Esta es la historia de una preparación que recorre todo el país en un vaso, aunque su nombre y su origen cruzaron el océano hace siglos. https://ok.me/OTDQ1"
2026-07-10 16:58:21+00:00,elespectador.com,"El nuevo festivo del 13 de julio también es una oportunidad para descubrir la inesperada historia que conecta a las rosas, la jardinería y e https://ok.me/ETDQ1"
2026-07-10 16:35:24+00:00,elespectador.com,El expresidente iba a ser escuchado por la Fiscalía el próximo 24 de julio por sus presuntos vínculos con paramilitares. https://ok.me/rSDQ1
2026-07-10 16:34:29+00:00,elespectador.com,"Esta es la disputa por las presidencias de Senado y Cámara: Alfredo Deluque, Honorio Henríquez y Daniel Briceño en la puja por el poder. https://ok.me/oSDQ1"
2026-07-10 16:22:32+00:00,elespectador.com,"Subir tasas encarece los créditos, pero también abre oportunidades para el ahorro y la inversión. https://ok.me/SSDQ1"
2026-07-10 16:18:23+00:00,elespectador.com,Luquegi Gil Neira asumió oficialmente su cargo como rector de la Universidad de Antioquia para el período 2026-2029. https://ok.me/LSDQ1
2026-07-10 16:04:21+00:00,elespectador.com,Estos son algunos de los destinos más buscados para viajar con niños: conozca sus precios y principales beneficios. https://ok.me/vRDQ1
2026-07-10 15:50:23+00:00,elespectador.com,Asociaciones y organizaciones de la industria musical se unieron para crear una clasificación para identificar si se usó IA. https://ok.me/jRDQ1
2026-07-10 15:48:26+00:00,elespectador.com,Bogotá aplicará el pico y placa regional este lunes 13 de julio. https://ok.me/fRDQ1
2026-07-10 15:46:24+00:00,elespectador.com,"Por seguridad, los administradores de los edificios piden a las personas que desalojen tras un temblor nuevo en Venezuela. https://ok.me/bRDQ1"
2026-07-10 15:42:34+00:00,elespectador.com,El ente investigador presentó este 10 de julio el escrito de acusación en contral del militar en retiro. Acá los detalles. https://ok.me/XRDQ1
2026-07-10 15:36:26+00:00,elespectador.com,Tim Merlier se llevó la victoria en la séptima etapa del Tour de Francia 2026. Fernando Gaviria terminó en el puesto 14. https://ok.me/SRDQ1
2026-07-10 15:32:27+00:00,elespectador.com,"El próximo 15 de julio, Manizales acogerá una nueva edición de los Encuentros por el Agua y la Energía Renovable. ¿Qué objetivos tiene? https://ok.me/ORDQ1"
2026-07-10 15:06:27+00:00,elespectador.com,"Como consecuencia también aumentó la violencia sexual ejercida contra las mujeres en conflictos, que se duplicó en 2025. https://ok.me/9RDQ1"
2026-07-10 15:04:34+00:00,elespectador.com,La selección colombiana está lista para la Copa Mundial Femenina de Baloncesto Sub-17 de la FIBA Chequia 2026. https://ok.me/4RDQ1
2026-07-10 15:02:29+00:00,elespectador.com,Más de 1.700 niños de Antioquia participaron en una jornada ambiental que permitió la recolección de 5.3 toneladas de material reciclable. https://ok.me/1RDQ1
2026-07-10 15:00:41+00:00,elespectador.com,La divisa sigue cayendo y se mantiene en el terreno de los COP 3.200. https://ok.me/xQDQ1
2026-07-10 14:52:23+00:00,elespectador.com,"El extranjero Theodorus Ludovicus Johannes Mul, de 56 años, fue encontrado sin vida en una finca del corregimiento de Minca. https://ok.me/sQDQ1"
2026-07-10 14:50:28+00:00,elespectador.com,Las autoridades españolas buscan a 23 personas desaparecidas tras el incendio que ha causado al menos 12 muertos en Almería. https://ok.me/pQDQ1
2026-07-10 14:48:31+00:00,elespectador.com,"El presidente electo quiere recibir la banda presidencial en una instalación militar, pero la decisión recae en el nuevo Congreso. https://ok.me/mQDQ1"
2026-07-10 14:44:32+00:00,elespectador.com,El plan contempla incrementos graduales de los ingresos para sostener el funcionamiento del Estado. Le contamos de cuánto dinero se trata. https://ok.me/hQDQ1
2026-07-10 14:43:30+00:00,elespectador.com,La Secretaría de Desarrollo Económico abrió una convocatoria con 1.000 vacantes laborales. https://ok.me/eQDQ1
2026-07-10 14:40:27+00:00,elespectador.com,"Luis Fernando Montoya, el campeón de la vida, analiza lo que pasó con la selección de Colombia en el Mundial 2026. https://ok.me/ZQDQ1"
2026-07-10 14:34:33+00:00,elespectador.com,Jaime Dussán fue sancionado por desacatar una orden judicial sobre la corrección de la historia laboral de un afiliado. https://ok.me/NQDQ1
2026-07-10 14:32:31+00:00,elespectador.com,"Antes de desaparecer, las tres víctimas salieron del  barrio Simón Bolívar de Itagüí a Santa Fe de Antioquia, pero no llegaron. https://ok.me/HQDQ1"
2026-07-10 14:02:30+00:00,elespectador.com,Cada elemento de su arnés está diseñado para resguardar la integridad física del animal. https://ok.me/sPDQ1
2026-07-10 13:54:25+00:00,elespectador.com,La Unión Europea considera que Instagram y Facebook están diseñados para fomentar hábitos compulsivos de consumo. https://ok.me/mPDQ1
2026-07-10 13:36:28+00:00,elespectador.com,"Durante el gobierno Petro la irregularidad de los venezolanos creció el 63,86 %. https://ok.me/dPDQ1"
2026-07-10 13:25:26+00:00,elespectador.com,La corporación concluyó que los hechos constituyeron una grave violación de los derechos humanos. https://ok.me/LPDQ1
2026-07-10 13:24:29+00:00,elespectador.com,Nicolás Mejía venció a Santiago Rodríguez Taverna y ahora se medirá con Hernán Casanova por un lugar en la semifinal del KIA Open. https://ok.me/IPDQ1
2026-07-10 13:22:27+00:00,elespectador.com,"Abelardo de la Espriella lideró reuniones el Banco de la República y las embajadas de Estados Unidos, Japón: así fueron las citas. https://ok.me/FPDQ1"
2026-07-10 13:11:24+00:00,elespectador.com,El asesinato del joven de 17 años durante una protesta en 2019 fue calificado como una grave violación de los derechos humanos. https://ok.me/3PDQ1
2026-07-10 13:09:44+00:00,elespectador.com,La mujer buscada por el atentado con bomba contra un empresario sancionado por Ucrania fue hallada muerta con disparos en la cabeza. https://ok.me/1PDQ1
2026-07-10 12:59:41+00:00,elespectador.com,"Entre las especies incluidas en la actualización de la Lista Roja de la UICN están los moluscos endémicos, como caracoles o almejas. https://ok.me/tODQ1"
2026-07-10 12:48:37+00:00,elespectador.com,"Más de 23 bomberos, drones y caninos participaron en el operativo. https://ok.me/jODQ1"
2026-07-10 12:46:23+00:00,elespectador.com,Sequías y calor extremo pondrían en riesgo los principales productos de exportación no minero energéticos. https://ok.me/eODQ1
2026-07-10 12:40:21+00:00,elespectador.com,"Argentina, bajo el liderazgo de Lionel Messi, enfrenta a Suiza por un lugar en las semifinales del Mundial. https://ok.me/ZODQ1"
2026-07-10 12:28:20+00:00,elespectador.com,"El jugador noruego Erling Haaland, además de su talento en la cancha, se destaca por su melena rubia y sus moñas a juego. https://ok.me/IODQ1"
2026-07-10 12:24:21+00:00,elespectador.com,El exfuncionario buscaba acercarse a una eventual libertad por vencimiento de términos dentro del escándalo de corrupción de la Ungrd. https://ok.me/CODQ1
2026-07-10 12:12:22+00:00,elespectador.com,El duelo entre Noruega e Inglaterra enfrenta a dos de los mejores delanteros de la actualidad: Erling Haaland y Harry Kane. https://ok.me/hNDQ1
2026-07-10 12:03:25+00:00,elespectador.com,"Tras cinco años del 11J, Cuba no ha cambiado: hay más represión, existen peores condiciones y un modelo que países como Venezuela copian. https://ok.me/QNDQ1"
2026-07-10 12:02:28+00:00,elespectador.com,Abordamos el trabajo de varios pensadores para entender cómo la atención se ha convertido en un recurso valioso y explotable. https://ok.me/NNDQ1
2026-07-10 11:54:21+00:00,elespectador.com,Gianni Infantino enfrenta una de las mayores crisis de credibilidad de su gestión al frente de la FIFA por el caso de Folarin Balogun. https://ok.me/ENDQ1
2026-07-10 11:49:21+00:00,elespectador.com,El IDEAM no descarta que para este 10 de julio se presente un cielo entre parcial y mayormente nublado con probabilidad de precipitaciones. https://ok.me/7NDQ1
2026-07-10 11:48:22+00:00,elespectador.com,El voraz incendio obligó a evacuar a cientos de personas y dejó un saldo provisional de 11 muertos y 19 desaparecidos en el sur de España. https://ok.me/4NDQ1
2026-07-10 11:38:22+00:00,elespectador.com,Gobierno de Gustavo Petro dice que De la Espriella no podría tomar posesión en una guarnición militar: esta es la carta | Noticias hoy https://ok.me/xMDQ1
2026-07-10 11:33:23+00:00,elespectador.com,"Horóscopo del día. Descubre qué te depara en el amor, el dinero y la salud en el horóscopo para hoy 10 de julio del 2026. https://ok.me/rMDQ1"
2026-07-10 11:32:22+00:00,elespectador.com,"El Espectador le cuenta cómo avanza la movilidad. Conozca el pico y placa, cómo opera Transmilenio y las novedades en las vías. https://ok.me/oMDQ1"
2026-07-10 11:04:24+00:00,elespectador.com,"Según el informe, en 2025 la extracción ilícita de oro generó entre COP 32 y 34 billones en ingresos brutos para las economías ilegales. https://ok.me/aMDQ1"
2026-07-10 11:02:28+00:00,elespectador.com,"Para empezar el día, le contamos los hechos que serán noticia en el transcurso de la jornada. https://ok.me/VMDQ1"
2026-07-10 02:56:27+00:00,elespectador.com,"Autoridades, empresarios y Fuerza Pública acordaron una estrategia conjunta para enfrentar a los grupos armados en el departamento. https://ok.me/gIDQ1"
2026-07-10 02:40:25+00:00,elespectador.com,Andrés Camilo Cotrina salió de su vivienda en Suba el 6 de julio y desde entonces se desconoce su paradero. https://ok.me/cIDQ1
2026-07-10 02:32:23+00:00,elespectador.com,Miguel Andrés Quintero Calle y otras tres personas habrían direccionado contratos del Área Metropolitana del Valle de Aburrá. https://ok.me/YIDQ1
2026-07-10 02:22:37+00:00,elespectador.com,"Sicarios asesinaron a un adolescente venezolano en Soledad, Atlántico. https://ok.me/UIDQ1"
2026-07-10 02:04:35+00:00,elespectador.com,De la Espriella les ordenó a Restrepo y Bula potenciar el diálogo con Estados Unidos y restablecer canales con Israel. Así será el ajuste. https://ok.me/KIDQ1
2026-07-10 02:02:34+00:00,elespectador.com,China está ampliando sus ambiciones nucleares submarinas y dejando de lado sus reticencias a probar misiles en los cielos y océanos. https://ok.me/HIDQ1
2026-07-10 01:50:33+00:00,elespectador.com,El ataque dejó dos personas muertas y una mujer gravemente herida. La masacre ocurrió en el corregimiento de Buenos Aires. https://ok.me/DIDQ1
2026-07-10 01:02:37+00:00,elespectador.com,"Si bien las reservas aumentaron tras las lluvias de junio, expertos advierten que más agua almacenada no es igual a seguridad hídrica. https://ok.me/XHDQ1"
2026-07-10 01:00:33+00:00,elespectador.com,De la Espriella designó a sus voceros oficiales: ¿quiénes llegan a estos cargos y a la nueva Oficina de Vocería Oficial? https://ok.me/THDQ1
2026-07-10 00:38:23+00:00,elespectador.com,"Pese a que el balance es favorable, la entidad pide no bajar la guardia e implementar buenas prácticas de ahorro y uso eficiente. https://ok.me/QHDQ1"
2026-07-10 00:34:41+00:00,elespectador.com,"Desde el 21 de febrero de 2025, la Fiscalía había pedido pedido al organismo internacional activar la medida para buscarlo. https://ok.me/MHDQ1"
2026-07-10 00:13:37+00:00,elespectador.com,La presidenta electa habló de recurrir a decretos de emergencia ante el peligro que representa el fenómeno de El Niño para Perú. https://ok.me/DHDQ1
2026-07-10 00:12:33+00:00,elespectador.com,Los nuevos estados financieros de Nueva EPS reabren una pregunta: ¿aún es recuperable o mantenerla solo aumentará el pasivo del sistema? https://ok.me/9HDQ1
2026-07-10 00:10:36+00:00,elespectador.com,La comunidad mantiene convocada una protesta para este viernes. https://ok.me/2HDQ1
2026-07-09 23:58:26+00:00,elespectador.com,"La representante electa Carol Borda (Salvación Nacional) habló con El Espectador. “La actitud de Petro legitima la ‘Patria Milagro’”, dijo. https://ok.me/yGDQ1"
2026-07-09 23:56:29+00:00,elespectador.com,"La EPS, además, dio a conocer el caso de una mujer condenada por alterar un incapacidad médica. https://ok.me/vGDQ1"
2026-07-09 23:52:26+00:00,elespectador.com,La India sancionó al coque colombiano con antidumping; Fenalcarbón acusa negligencia del gobierno Petro. https://ok.me/sGDQ1
2026-07-09 23:46:25+00:00,elespectador.com,"La intervención maxilofacial se realizó en junio de 2021, durante las restricciones sanitarias por la pandemia de Covid-19. https://ok.me/pGDQ1"
2026-07-09 23:42:31+00:00,elespectador.com,"De acuerdo con la información que se tiene hasta el momento, hubo daños a las instalaciones, pero no hay heridos de gravedad. https://ok.me/lGDQ1"
2026-07-09 23:38:32+00:00,elespectador.com,Un informe revela la baja participación femenina en el transporte turístico y plantea acciones para cerrar las brechas de género. https://ok.me/eGDQ1
2026-07-09 23:18:22+00:00,elespectador.com,"Kylian Mbappé, una de las figuras del Mundial, encendió las alarmas en Francia tras sufrir una lesión y pedir el cambio contra Marruecos. https://ok.me/HGDQ1"
2026-07-09 23:10:30+00:00,elespectador.com,"Cuando se habla de Antioquia, la mayoría piensa de inmediato en Medellín. Sin embargo, el departamento es mucho más que su capital. https://ok.me/7GDQ1"
2026-07-09 23:08:25+00:00,elespectador.com,"Una ONG denunció las amenazas que reporteros nicaragüenses viven desde el exilio, al tiempo que el régimen emprende nuevas formas de acoso. https://ok.me/4GDQ1"
2026-07-09 23:04:22+00:00,elespectador.com,"Ciudad Bolívar lidera los registros por presuntas invasiones de predios, según cifras de la Secretaría de Hábitat citadas en la denuncia. https://ok.me/1GDQ1"
2026-07-09 23:03:23+00:00,elespectador.com,Se requiere de adoptantes comprometidos que dispongan del tiempo y la paciencia necesarios para guiar su crecimiento. https://ok.me/yFDQ1
2026-07-09 23:02:23+00:00,elespectador.com,Los terremotos en Venezuela no solo dejaron destrucción. También marcaron una nueva etapa en la reorganización del poder chavista. https://ok.me/vFDQ1
2026-07-09 22:44:22+00:00,elespectador.com,"La deuda externa bajó a 51,6 % del PIB, pero el saldo creció y el Gobierno depende más de TES internos. https://ok.me/gFDQ1"
2026-07-09 22:40:20+00:00,elespectador.com,Factores geopolíticos y climáticos han incidido en el aumento de precios de algunos productos de la canasta básica de los hogares. https://ok.me/dFDQ1
2026-07-09 22:33:23+00:00,elespectador.com,Alerta ambiental en Barrancabermeja: FEDEPESAN denuncia presunta contaminación en fuentes hídricas por hidrocarburos. https://ok.me/aFDQ1
2026-07-09 22:32:19+00:00,elespectador.com,"Perfil de Rafael Antonio Niño, leyenda del ciclismo colombiano, quien falleció este jueves. https://ok.me/XFDQ1"
2026-07-09 22:28:20+00:00,elespectador.com,"Un nuevo cuadro del pintor español Diego Velázquez resurgió recientemente, según el historiador de arte Salvador Salort-Pons. https://ok.me/TFDQ1"
2026-07-09 22:24:24+00:00,elespectador.com,"En esta convocatoria podrán participar bachilleres, técnicos, tecnólogos o profesionales universitarios. https://ok.me/QFDQ1"
2026-07-09 22:22:19+00:00,elespectador.com,Aseguró que hasta el 6 de agosto seguirán cumpliendo con cada uno de los mandatos de Gustavo Petro. https://ok.me/JFDQ1
2026-07-09 22:12:30+00:00,elespectador.com,"El pedalista boyacense, que falleció este jueves, es uno de los deportistas más importantes en la historia de Colombia. https://ok.me/GFDQ1"
2026-07-09 22:06:23+00:00,elespectador.com,El nuevo balance indica que aumentó en 88 personas la cifra de fallecidos con respecto al registro anterior. La situación aún es crítica. https://ok.me/DFDQ1
2026-07-09 21:55:20+00:00,elespectador.com,La lectura es la puerta de entrada a todos los aprendizajes y al ejercicio de múltiples derechos. https://ok.me/3FDQ1
2026-07-09 21:54:21+00:00,elespectador.com,La Fiscalía adelantó operaciones mientras la Secretaría de Salud anunció el cierre de ocho establecimientos. https://ok.me/0FDQ1
2026-07-09 21:52:22+00:00,elespectador.com,"La ANI reportó avances en proyectos 5G, pero licencias y retrasos dejan obras clave pendientes para el próximo gobierno. https://ok.me/xEDQ1"
2026-07-09 21:48:23+00:00,elespectador.com,Un equipo de investigadores seleccionó arañas de 258 especies para saber cuáles son más rápidas y qué características influyen. https://ok.me/uEDQ1
2026-07-09 21:46:21+00:00,elespectador.com,"El canciller de Abelardo de la Espriella, Omar Bula Escobar, habló sobre cómo será la relación con EE. UU., Israel, Venezuela y China. https://ok.me/qEDQ1"
2026-07-09 21:30:29+00:00,elespectador.com,"La nueva medida beneficia, dentro de otras, a personas trans y no binarias. Acá los detalles. https://ok.me/lEDQ1"
2026-07-09 21:18:25+00:00,elespectador.com,"Rafael Antonio Niño, máximo ganador de la Vuelta a Colombia, falleció este jueves a los 76 años. https://ok.me/mDDQ1"
2026-07-09 21:08:31+00:00,elespectador.com,"Leandro Bertazzo era piloto profesional. Durante un vuelo de instrucción a una joven de 22 años, abrió la puerta y saltó al vacío. https://ok.me/rCDQ1"
2026-07-09 21:04:22+00:00,elespectador.com,El expediente en contra del político barranquillero pasará a manos de la Sala de Primera Instancia del alto tribunal. https://ok.me/oCDQ1
2026-07-09 21:02:22+00:00,elespectador.com,"Aunque muchos disfrutan de la guanábana en jugos y postres, pocos saben que este árbol también puede cultivarse en casa. https://ok.me/lCDQ1"
2026-07-09 20:38:21+00:00,elespectador.com,El próximo 10 de julio será la primera reunión de trabajo entre el presidente electo Abelardo de la Espriella y sus ministros designados. https://ok.me/gCDQ1
2026-07-09 20:28:22+00:00,elespectador.com,Las autoridades detectaron conexiones ilegales en establecimientos dedicados al lavado y tintura de prendas de vestir. https://ok.me/dCDQ1
2026-07-09 20:26:22+00:00,elespectador.com,"Norcasia, Caldas Colón, ha sido postulado por Colombia a los Best Tourism Villages 2026 de ONU Turismo gracias a su modelo de turismo https://ok.me/SCDQ1"
2026-07-09 20:08:22+00:00,elespectador.com,Conozca en qué consiste el piloto que amplía el horario de los establecimientos nocturnos en Santa Marta. https://ok.me/KBDQ1
2026-07-09 20:06:19+00:00,elespectador.com,"Se trata de Joan Sebastián Agudelo Florián, alias Pablo, quien sería integrante de la subestructura Uldar Cardona Rueda. https://ok.me/FBDQ1"
2026-07-09 19:58:20+00:00,elespectador.com,"Tras una exigente etapa de alta montaña, el Tour de Francia continúa con una fracción ideal para velocistas. https://ok.me/8BDQ1"
2026-07-09 19:50:38+00:00,elespectador.com,El director venezolano Gustavo Dudamel y la Orquesta Filarmónica de Los Ángeles (LA Phil) ofrecerán un concierto benéfico por Venezuela. https://ok.me/5BDQ1
2026-07-09 19:44:21+00:00,elespectador.com,La administración de Claudia Shenbuam aseguró que presentará denuncias de cara a los fallecimientos en centros y operativos de ICE. https://ok.me/zADQ1
2026-07-09 19:42:29+00:00,elespectador.com,"¿Por qué se desató una persecución en los techos de Robledo, Medellín? Todo comenzó con una llamada al 123. https://ok.me/wADQ1"
2026-07-09 19:32:30+00:00,elespectador.com,"El embajador de Colombia en Francia, Alfonso Prada, presentó su carta de renuncia al presidente Petro y a la canciller Villavicencio. https://ok.me/gADQ1"
2026-07-09 19:26:28+00:00,elespectador.com,Jáminton Campaz agradeció el apoyo de la hinchada colombiana en el Mundial y lamentó que el resultado no fuera el esperado. https://ok.me/dADQ1
2026-07-09 19:22:28+00:00,elespectador.com,TransMilenio amplió hasta el 31 de julio el plazo para elegir al operador del Transmicable de San Cristóbal. https://ok.me/ZADQ1
2026-07-09 19:02:19+00:00,elespectador.com,El jugador aprovecha cada receso de la temporada para desconectarse de la élite deportiva y regresar al campo. https://ok.me/WADQ1
2026-07-09 18:58:20+00:00,elespectador.com,Venezuela publicó una nueva regulación petrolera que permite la participación privada en toda la cadena de la industria. https://ok.me/PADQ1
2026-07-09 18:52:20+00:00,elespectador.com,"Francia, bajo el liderazgo de Mbappé, sueña con alcanzar las semifinales del Mundial por tercera vez consecutiva. Marruecos quiere revancha. https://ok.me/IADQ1"
2026-07-09 18:30:21+00:00,elespectador.com,"La Reina del Pop hizo del deseo una declaración cultural. Un mapa íntimo para enamorarse, cansarse de esperar y decir adiós con poder. https://ok.me/t9DQ1"
2026-07-09 18:16:22+00:00,elespectador.com,Las plataformas digitales de Colpensiones vuelven a presentar fallas e indisponibilidad. https://ok.me/k9DQ1
2026-07-09 18:12:22+00:00,elespectador.com,"Además de los niños que dejaron de nacer, existen cientos de miles de niños y jóvenes que dejaron de estar en las aulas. ¿Dónde están? https://ok.me/e9DQ1"
2026-07-09 18:02:30+00:00,elespectador.com,El partido entre Noruega e Inglaterra por los cuartos de final del Mundial 2026 pende de un hilo. https://ok.me/X9DQ1
2026-07-09 18:01:31+00:00,elespectador.com,"El balance de las lluvias torrenciales y las inundaciones en la región de Guangxi, en el sur de China, aumentó a 39 muertos. https://ok.me/Q9DQ1"
2026-07-09 18:00:22+00:00,elespectador.com,Su regreso a Colombia está previsto para el próximo 14 de julio. https://ok.me/N9DQ1
2026-07-09 17:48:20+00:00,elespectador.com,"Sectores del centro les hacen un llamado a Gustavo Petro, Iván Cepeda y Abelardo de la Espriella en medio de tensiones políticas. https://ok.me/H9DQ1"
2026-07-09 17:46:20+00:00,elespectador.com,Desde el 10 de julio habrá cierres por nueve meses en la carrera 15. Estos son los cambios para conductores y usuarios del SITP. https://ok.me/D9DQ1
2026-07-09 17:40:25+00:00,elespectador.com,Las personas interesadas en estudiar en la Universidad Nacional podrán postularse entre el 6 de julio y el 19 de agosto. https://ok.me/99DQ1
2026-07-09 17:31:24+00:00,elespectador.com,"El presidente electo ha nombrado a 11 miembros de su gabinete. Sin embargo, una de las carteras que todavía está pendiente es la de Cultura. https://ok.me/69DQ1"
2026-07-09 17:12:24+00:00,elespectador.com,Red Somos habla de la importancia de acompañar y atender el diagnóstico de VIH en comunidad. https://ok.me/j8DQ1
2026-07-09 17:10:37+00:00,elespectador.com,Mención honorifica merece Egan Bernal que tras la sexta etapa escaló 15 posiciones y quedó al borde del top 10. https://ok.me/e8DQ1
2026-07-09 17:06:22+00:00,elespectador.com,El aire acondicionado no siempre es el mayor enemigo de la autonomía. Hay otro factor que puede pesar más durante un viaje largo. https://ok.me/a8DQ1
2026-07-09 17:02:23+00:00,elespectador.com,Un tractocamión se volcó en el kilómetro 4 de la vía Bogotá-La Calera. https://ok.me/W8DQ1
2026-07-09 17:00:24+00:00,elespectador.com,"La historia nos mintió y lo que pensamos de los vikingos está mal, ¿qué tan real es lo que creemos saber sobre ellos? https://ok.me/P8DQ1"
2026-07-09 16:59:25+00:00,elespectador.com,Bogotá presentó los primeros resultados de su estrategia contra el virus sincitial respiratorio. Disminuyeron las hospitalizaciones infantil https://ok.me/M8DQ1
2026-07-09 16:57:02+00:00,elespectador.com,La actual superintendente de Industria y Comercio estará en esa cartera por el tiempo que le queda al Gobierno del presidente Gustavo Petro. https://ok.me/F8DQ1
2026-07-09 16:15:23+00:00,elespectador.com,El origen de la decisión está en una tutela de una mujer a la que no le permitían llevar a su perro en el ascensor de su edificio. https://ok.me/U7DQ1
2026-07-09 16:14:21+00:00,elespectador.com,Tadej Pogacar parece estar un escalón por encima del resto y parece ir perfilando su quinto título. https://ok.me/R7DQ1
2026-07-09 16:10:24+00:00,elespectador.com,"Según informó la cartera del Gobierno, las tasas bajaron frente a subastas anteriores. https://ok.me/O7DQ1"
2026-07-09 16:09:19+00:00,elespectador.com,¿Por qué protestan los habitantes de Baranoa que bloquean la vía La Cordialidad? https://ok.me/K7DQ1
2026-07-09 16:08:22+00:00,elespectador.com,Los fines de semana largos son una oportunidad para recorrer el país desde otra perspectiva. Estos son algunos planes recomendados. https://ok.me/E7DQ1
2026-07-09 16:04:22+00:00,elespectador.com,Los revólveres personalizados entregados por Erdogan a varios líderes europeos durante la cumbre de la OTAN generaron dudas por su manejo. https://ok.me/67DQ1
2026-07-09 16:02:24+00:00,elespectador.com,La empresa informó que alertó a la Policía y reiteró que ingresar sin validar el pasaje puede acarrear sanciones. https://ok.me/17DQ1
2026-07-09 15:51:22+00:00,elespectador.com,El presidente Petro firmó la extradición de alias Chiquito Malo. El cabecilla del Clan del Golfo aún está prófugo. https://ok.me/p6DQ1
2026-07-09 15:50:21+00:00,elespectador.com,El jabón facial de Arana Shop es comercializado y publicitado en redes sociales por el médico e influencer cartagenero Jesús Arana. https://ok.me/m6DQ1
2026-07-09 15:32:32+00:00,elespectador.com,"Los primeros jugadores llegaron el miércoles 8 de julio, pero es posible que algunos no pasen por Bogotá. https://ok.me/h6DQ1"
2026-07-09 15:26:19+00:00,elespectador.com,Familias  aseguran que la falta de maquinaria pesada mantiene paralizadas las labores de remoción de escombros en La Guaira. https://ok.me/d6DQ1
2026-07-09 15:04:22+00:00,elespectador.com,La Agencia Distrital de Empleo realizará dos convocatorias presenciales. https://ok.me/E6DQ1
2026-07-09 15:03:23+00:00,elespectador.com,"Capítulo de “Esta improbable tierra prometida"", la más reciente obra periodística sobre Latinoamérica de la reconocida escritora mexicana. https://ok.me/B6DQ1"
2026-07-09 15:02:24+00:00,elespectador.com,Una combinación de sabores que sorprenden en la mesa. Con solo cuatro ingredientes este pasabocas conquistará a tus invitados. https://ok.me/86DQ1
2026-07-09 14:46:31+00:00,elespectador.com,El alto tribunal determinó que la autorización para compartir imágenes íntimas puede revocarse en cualquier momento. https://ok.me/x5DQ1
2026-07-09 14:38:22+00:00,elespectador.com,Abelardo de la Espriella alista su posesión presidencial del 7 de agosto: sería en una guarnición militar y estos son los detalles. https://ok.me/k5DQ1
2026-07-09 14:32:23+00:00,elespectador.com,Estas son las claves del mercado cambiario para este jueves 9 de julio. https://ok.me/f5DQ1
2026-07-09 14:30:26+00:00,elespectador.com,"El Servicio de Cambio Climático de Copernicus (C3S) informó que durante junio la temperatura media del planeta fue de 16,54 °Celsius. https://ok.me/Y5DQ1"
2026-07-09 14:13:23+00:00,elespectador.com,"Horóscopo del día. Descubre qué te depara en el amor, el dinero y la salud en el horóscopo para hoy 09 de julio del 2026. https://ok.me/G5DQ1"
2026-07-09 14:10:24+00:00,elespectador.com,El Gobierno aplazó al 1 de agosto la entrada del Registro Universal de Ingresos (RUI). https://ok.me/45DQ1
2026-07-09 14:08:23+00:00,elespectador.com,España buscará frente a Bélgica acceder a la segunda semifinal mundialista en toda su historia. https://ok.me/15DQ1
2026-07-09 14:04:21+00:00,elespectador.com,Comenzó como una visita y terminó por transformar la vida de una comunidad universitaria entera. https://ok.me/x4DQ1
2026-07-09 14:03:30+00:00,elespectador.com,Miles de iraníes asistieron al entierro del ayatolá Jamenei en Mashhad entre llamados a la venganza contra Estados Unidos e Israel. https://ok.me/u4DQ1
2026-07-09 14:02:21+00:00,elespectador.com,El alcalde Carlos Fernando Galán anunció un primer acercamiento con el ministro de Vivienda. https://ok.me/p4DQ1
2026-07-09 14:00:51+00:00,elespectador.com,¿Puede la tarifa del servicio público de aseo resolver los desafíos de la población recicladora y de la economía circular? https://ok.me/j4DQ1
2026-07-09 13:36:21+00:00,elespectador.com,Iglesia Católica hizo un llamado a Gustavo Petro y Abelardo de la Espriella para rebajar tensiones políticas: piden respeto institucional. https://ok.me/V4DQ1
2026-07-09 13:25:21+00:00,elespectador.com,El presidente electo señaló que jefe de las Autodefensas Conquistadoras de la Sierra sera un objetivo de alto valor del próximo Gobierno. https://ok.me/F4DQ1
2026-07-09 13:24:21+00:00,elespectador.com,"El escritor japonés, quien recientemente publicó su nueva novela en Japón, reveló que padeció una enfermedad durante su proceso de escritura https://ok.me/A4DQ1"
2026-07-09 13:22:21+00:00,elespectador.com,"Un prototipo de desalinizador aprovecha agua subterráneas, opera con bajo consumo energético o luz solar y busca probarse en territorio. https://ok.me/64DQ1"
2026-07-09 13:03:26+00:00,elespectador.com,La convocatoria busca reactivar un Parlamento palestino que no sesiona desde 2007 y responde a las exigencias de la comunidad internacional. https://ok.me/w3DQ1
2026-07-09 13:02:22+00:00,elespectador.com,Colombia le ganó Venezuela y está la segunda ronda de las clasificatorias rumbo al Mundial de la FIBA 2027. https://ok.me/t3DQ1
2026-07-09 12:54:22+00:00,elespectador.com,El acuerdo entre el FOMAG y el Instituto Nacional de Cancerología incluirá a menores de edad para diagnóstico o confirmación de patologías. https://ok.me/j3DQ1
2026-07-09 12:34:25+00:00,elespectador.com,El astro francés quiere liderar a su selección a su tercera semifinal consecutiva en las copas del mundo. https://ok.me/V3DQ1
2026-07-09 12:28:23+00:00,elespectador.com,Los propietarios aseguran haber identificado su automóvil en videos de nuevos robos de vehículos. https://ok.me/M3DQ1
2026-07-09 12:20:24+00:00,elespectador.com,"El precio del crudo Brent (de referencia internacional) subió 5,21 % y tocó los USD 80 por primera vez en más de dos semanas. https://ok.me/F3DQ1"
2026-07-09 12:18:24+00:00,elespectador.com,Trump salió al paso de las versiones publicadas por Axios sobre un supuesto rechazo de su Administración al regreso de Machado a Venezuela. https://ok.me/C3DQ1
2026-07-09 12:03:26+00:00,elespectador.com,Las amenazas de Trump ya no sorprenden. Expertos explican por qué la incertidumbre es una de sus principales armas de negociación. https://ok.me/y2DQ1
2026-07-09 12:02:24+00:00,elespectador.com,"Durante esta jornada solo hay un partido en el calendario, marcando el inicio de los cuartos de final del Mundial 2026. https://ok.me/t2DQ1"
2026-07-09 12:00:38+00:00,elespectador.com,De la Espriella y Restrepo preparan los primeros encuentros comerciales y de seguridad con delegados de Trump: estos son los temas. https://ok.me/p2DQ1
2026-07-09 11:50:22+00:00,elespectador.com,"De acuerdo con el IDEAM, para este 9 de julio es probable que se presente en el país cielo entre parcial y mayormente nublado. https://ok.me/d2DQ1"
2026-07-09 11:42:31+00:00,elespectador.com,"El Espectador le cuenta cómo avanza la movilidad. Conozca el pico y placa, cómo opera Transmilenio y las novedades en las vías. https://ok.me/S2DQ1"
2026-07-09 11:33:26+00:00,elespectador.com,Las autoridades desplegarán 20.000 policías en toda Francia ante el temor a nuevos disturbios como los registrados en 2022. https://ok.me/I2DQ1
2026-07-09 11:32:22+00:00,elespectador.com,"Su nombre real es Arif Jhuman, quien habría ingresado a Colombia en 2025, utilizando documentos de identidad presuntamente falsos. https://ok.me/E2DQ1"
2026-07-09 09:56:22+00:00,elespectador.com,"Para empezar el día, le contamos los hechos que serán noticia en el transcurso de la jornada. https://ok.me/C1DQ1"
2026-07-09 02:54:29+00:00,elespectador.com,Temblores y el Cajar advierten que la decisión pondría en riesgo avances logrados en la reducción del uso de la fuerza durante protestas. https://ok.me/QxCQ1
2026-07-09 02:32:37+00:00,elespectador.com,Apple afirmó que este gasto forma parte de un compromiso previamente anunciado de invertir 600 mil millones de dólares en Estados Unidos. https://ok.me/LxCQ1
2026-07-09 02:16:35+00:00,elespectador.com,Así va la conformación del equipo cercano de Abelardo de la Espriella:  Valerie Lafaurie y Nicolás Gómez harían parte del círculo interno. https://ok.me/GxCQ1
2026-07-09 02:02:38+00:00,elespectador.com,"Líbano se encuentra hoy frente al abismo, pues camina hacia una crisis permanente que amenaza con convertirlo en un Estado fallido. https://ok.me/7xCQ1"
2026-07-09 01:44:22+00:00,elespectador.com,El contrato del entrenador se vence este 31 de julio y todavía no hay muchas pistas del rumbo que tomará el equipo. https://ok.me/2xCQ1
2026-07-09 01:32:24+00:00,elespectador.com,"Conozca quiénes pueden activarla, cómo opera y qué entidades intervienen en el proceso. https://ok.me/xwCQ1"
2026-07-09 01:22:24+00:00,elespectador.com,"El ministro designado de Comercio, Industria y Turismo, Mauricio Gómez Amín, anunció que Uribe será quien llevará las riendas de la entidad. https://ok.me/twCQ1"
2026-07-09 01:08:29+00:00,elespectador.com,"Omar Bula, el canciller designado por Abelardo de la Espriella, aseguró que ""lo primero es nuestra soberanía"". Entrevista. https://ok.me/qwCQ1"
2026-07-09 01:02:21+00:00,elespectador.com,Más de 157.000 colombianos ya usaron este mecanismo. Recuerde que tiene plazo hasta el 16 de julio de 2026. https://ok.me/kwCQ1
2026-07-09 00:56:28+00:00,elespectador.com,"Después de más de tres años sin balances certificados, Nueva EPS reportó pérdidas por $4,8 billones en 2024. https://ok.me/ewCQ1"
2026-07-09 00:50:27+00:00,elespectador.com,La OMS señala que el cáncer sigue siendo la segunda causa principal de muerte en el mundo. https://ok.me/bwCQ1
2026-07-09 00:46:37+00:00,elespectador.com,Fénix fue rescatada con vida entre los escombros durante la misión humanitaria que la Fuerza Armada de El Salvador adelanta en Venezuela. https://ok.me/YwCQ1
2026-07-09 00:33:33+00:00,elespectador.com,"El presidente electo busca fortalecer su relación con los territorios, por eso desde Cúcuta hizo su primer empalme regional sobre seguridad. https://ok.me/UwCQ1"
2026-07-09 00:30:35+00:00,elespectador.com,La actuación se originó tras una denuncia que cuestiona aportes de empresas vinculadas al Grupo Bolívar y Colpatria. https://ok.me/RwCQ1
2026-07-09 00:28:32+00:00,elespectador.com,"Hijo de padres venezolanos pero nacido en Argentina, él fue encontrado por un grupo de rescatistas brasileños que trabajaba en La Guaira. https://ok.me/NwCQ1"
2026-07-09 00:12:24+00:00,elespectador.com,"Messi lidera la tabla de goleadores del Mundial 2026, pero Mbappé, Haaland y Kane lo siguen de cerca. https://ok.me/GwCQ1"
2026-07-09 00:03:27+00:00,elespectador.com,"En esta entrevista, Martínez reflexionó sobre la literatura, la traducción y las influencias que han marcado su obra. https://ok.me/8wCQ1"
2026-07-09 00:02:27+00:00,elespectador.com,Los expertos nos han dicho muchas veces que las relaciones necesitan atención y cuidado constantes. https://ok.me/3wCQ1
2026-07-08 23:52:37+00:00,elespectador.com,"En el marco del Mundial, la oferta aérea de Colombia a México creció de 21 a 24 frecuencias diarias. https://ok.me/zvCQ1"
2026-07-08 23:46:30+00:00,elespectador.com,La camiseta de visitante del equipo belga está inspirada en el arte del pintor surrealista René Magritte. Estos son los detalles. https://ok.me/wvCQ1
2026-07-08 23:40:25+00:00,elespectador.com,La seguridad y mantener el flujo de mercancías por la frontera son algunos de los desafíos que tendrá la nueva administración en Colombia. https://ok.me/ovCQ1
2026-07-08 23:38:27+00:00,elespectador.com,"Luis Mariano Díaz González, hijo del fallecido cantante Diomedes Díaz, tendrá un mecanismo de vigilancia electrónica. https://ok.me/gvCQ1"
2026-07-08 23:26:31+00:00,elespectador.com,"El nombre de la nueva especie es un homenaje al docente León Morales Soto, quien ha dedicado más de 40 años a estudiar las plantas. https://ok.me/WvCQ1"
2026-07-08 23:20:29+00:00,elespectador.com,"Cecilia Mora Donato, constitucionalista mexicana y una de las invitadas centrales del Congreso Mundial de Derecho Constitucional. https://ok.me/TvCQ1"
2026-07-08 23:06:32+00:00,elespectador.com,"Luego de torcer las reglas de la FIFA, Trump declaró muerta la tregua con Irán. Sus aliados no tuvieron otra alternativa que aceptarlo. https://ok.me/PvCQ1"
2026-07-08 23:04:26+00:00,elespectador.com,Plaza Claro anunció que reconocerá los daños a los vehículos afectados y reforzó la seguridad tras el robo. https://ok.me/LvCQ1
2026-07-08 23:03:36+00:00,elespectador.com,La peluda fue rescatada durante una jornada de esterilización en la ciudad de Santa Marta. https://ok.me/IvCQ1
2026-07-08 23:02:22+00:00,elespectador.com,Las pequeñas bolitas rojas que adornan algunos de los árboles y arbustos más comunes de Bogotá esconden historias muy distintas. https://ok.me/FvCQ1
2026-07-08 22:54:20+00:00,elespectador.com,Finalizó reunión entre el equipo de empalme de De la Espriella y la Contraloría: habrá contralores delegados para las mesas técnicas. https://ok.me/CvCQ1
2026-07-08 22:44:43+00:00,elespectador.com,"Cada vez se venden más supuestas fórmulas magistrales para bajar de peso. Pero, ¿realmente son seguras? En este video se lo explicamos. https://ok.me/yuCQ1"
2026-07-08 22:32:20+00:00,elespectador.com,Un estudio ubicó a Colombia en el puesto 72 entre 97 países evaluados por la calidad de su conectividad a internet. https://ok.me/vuCQ1
2026-07-08 22:22:21+00:00,elespectador.com,"Entre los presuntos implicados están el empresario italiano Carlo Vigna Taglianti y el exalcalde de Maripán, Jorge Iván Duque Lenis. https://ok.me/huCQ1"
2026-07-08 22:06:19+00:00,elespectador.com,¿Qué descubrió la Operación Temis al desarticular una red de narcotráfico que explotaba mujeres? https://ok.me/cuCQ1
2026-07-08 22:03:24+00:00,elespectador.com,Conozca cómo identificar licor adulterado tras los recientes operativos en bares de Bogotá. https://ok.me/WuCQ1
2026-07-08 22:02:27+00:00,elespectador.com,Acá le dejamos información práctica para elegir el itinerario y preparar la caminata. https://ok.me/RuCQ1
2026-07-08 22:00:19+00:00,elespectador.com,"Omar Bula asumirá la Cancillería y le dará un ""timonazo"" a la relación con EE. UU. e Israel. Estos son los retos del canciller designado. https://ok.me/OuCQ1"
2026-07-08 21:50:26+00:00,elespectador.com,"La derrota de la tricolor dejó silencio, rabia y preguntas. Estos consejos le pueden ayudar a gestionar la frustración. https://ok.me/9uCQ1"
2026-07-08 21:48:25+00:00,elespectador.com,Le contamos cuáles son los requisitos y el plazo para participar en la convocatoria del Icetex. https://ok.me/6uCQ1
2026-07-08 21:46:22+00:00,elespectador.com,El Comando Central de EE. UU. lanzó nuevos ataques contra Irán y responsabilizó a Teherán por la agresión contra barcos comerciales. https://ok.me/3uCQ1
2026-07-08 21:40:27+00:00,elespectador.com,"Más de 300 ciclomontañistas de distintas categorías compitieron este fin de semana en Guarne, Antioquia. https://ok.me/vtCQ1"
2026-07-08 21:36:25+00:00,elespectador.com,El próximo jefe de la diplomacia colombiana ha construido su discurso alrededor de ideas promovidas por líderes como Trump y Orbán. https://ok.me/mtCQ1
2026-07-08 21:04:21+00:00,elespectador.com,TransMilenio entregó su versión preliminar del caso y reiteró que las autoridades continúan investigando lo ocurrido. https://ok.me/prCQ1
2026-07-08 21:03:31+00:00,elespectador.com,La más reciente medición de la Superservicios indica que la cantidad de municipios clasificados con criticidad “urgente” o “superior”. https://ok.me/YrCQ1
2026-07-08 21:02:40+00:00,elespectador.com,Un juez de Ohio le ordenó al gobierno de Trump que reanude unos trámites migratorios. El fallo no obliga a aprobar ninguna solicitud. https://ok.me/LrCQ1
2026-07-08 20:44:22+00:00,elespectador.com,"El presidente electo señaló que alias “Alfred”, del Eln, y alias “Arley”, de las disidencias, tienen un mes para entregarse. https://ok.me/zqCQ1"
2026-07-08 20:40:22+00:00,elespectador.com,"El presidente Gustavo Petro y el mandatario electo, Abelardo de la Espriella, alistan movidas para el 20 de julio: estos son los detalles. https://ok.me/uqCQ1"
2026-07-08 20:28:31+00:00,elespectador.com,¿Qué dijo la ministra de Transporte designada por Abelardo De la Espriella sobre el aeropuerto de Barranquilla? https://ok.me/hqCQ1
2026-07-08 19:58:24+00:00,elespectador.com,La Media Maratón de Bogotá se llevará a cabo el próximo domingo 26 de julio y contará con más de 40.000 participantes. https://ok.me/EqCQ1
2026-07-08 19:34:31+00:00,elespectador.com,"Ninguna empresa involucrada en la fabricación del armamento ha sido notificada; además, la producción puede ser demorada para Ucrania. https://ok.me/vpCQ1"
2026-07-08 19:30:22+00:00,elespectador.com,"Las autoridades señalan que el predio, ubicado en El Poblado, habría sido adquirido con dineros del cartel de Medellín. https://ok.me/lpCQ1"
2026-07-08 19:29:22+00:00,elespectador.com,¿Quién fue la víctima del ataque en un billar de Bucaramanga durante el partido de Colombia? https://ok.me/ipCQ1
2026-07-08 19:28:19+00:00,elespectador.com,Francia presentó un recurso para retirar una amarilla a Olise pero la FIFA rechazó su solicitud. https://ok.me/fpCQ1
2026-07-08 19:07:26+00:00,elespectador.com,"Al menos 25 estados de EE. UU. han suscrito acuerdos de expulsión migratoria para deportar extranjeros, especialmente a África. https://ok.me/YpCQ1"
2026-07-08 19:06:21+00:00,elespectador.com,La ONU dio un giro histórico al reconocer que las enfermedades tropicales desatendidas también son un problema de derechos humanos. https://ok.me/VpCQ1
2026-07-08 19:05:28+00:00,elespectador.com,"Abelardo de la Espriella prometió fuerte inversión en seguridad, salud y educación desde Cúcuta: así fue su primer empalme regional. https://ok.me/QpCQ1"
2026-07-08 19:03:22+00:00,elespectador.com,"Su testimonio se viralizó rápidamente, transformándose en un recordatorio sobre las prioridades https://ok.me/MpCQ1"
2026-07-08 19:02:23+00:00,elespectador.com,Viviane Morales es cuestionada por su historial de oposición a los temas de género y su poca experiencia en el sector educativo. https://ok.me/JpCQ1
2026-07-08 18:52:22+00:00,elespectador.com,El pelotón del Tour de Francia se enfrentará este jueves a su primer examen en la alta montaña. La cita es en los Pirineos. https://ok.me/EpCQ1
2026-07-08 18:36:25+00:00,elespectador.com,La actriz colombiana debutó en el mundo de la poesía con el libro “La calma del volcán”. https://ok.me/8pCQ1
2026-07-08 18:32:19+00:00,elespectador.com,"Las ventas externas crecieron 19,2 % en mayo, impulsadas por petróleo y oro, mientras manufacturas y agro siguen rezagados. https://ok.me/2pCQ1"
2026-07-08 18:12:30+00:00,elespectador.com,La Defensoría del Pueblo pidió que el presidente Petro respete el resultado de las elecciones presidenciales y el proceso de empalme. https://ok.me/joCQ1
2026-07-08 18:11:31+00:00,elespectador.com,"El día después de la eliminación, llega el momento de detallar las luces y sombras del equipo en el torneo. ¿Fue más lo bueno o lo malo? https://ok.me/goCQ1"
2026-07-08 18:10:21+00:00,elespectador.com,"La funcionaria no participó en el concurso de méritos, por lo que su cargo será ocupado por una persona que sí concursó. https://ok.me/doCQ1"
2026-07-08 18:09:23+00:00,elespectador.com,Varios organismos de la institucionalidad hicieron un nuevo llamado en medio de tenso cambio de poder entre Petro y De la Espriella. https://ok.me/aoCQ1
2026-07-08 18:08:22+00:00,elespectador.com,"""Ridículo"": la Agencia de Pasaportes de Washington empezó a expedir estos documentos de edición limitada con la imagen del presidente Trump. https://ok.me/WoCQ1"
2026-07-08 18:03:21+00:00,elespectador.com,"Con el estreno del nuevo festivo nacional, miles de viajeros tendrán la oportunidad de visitar uno de los destinos religiosos más importante https://ok.me/PoCQ1"
2026-07-08 18:02:22+00:00,elespectador.com,Aprende a preparar esta receta jugosa y llena de sabor con aceite de ajo y lista en tan solo 25 minutos. https://ok.me/IoCQ1
2026-07-08 17:58:24+00:00,elespectador.com,"Mientras se espera la revisión oficial, los venezolanos pueden aplicar una guía de reconocimiento visual para detectar señales en edificios. https://ok.me/CoCQ1"
2026-07-08 17:48:20+00:00,elespectador.com,El delantero colombiano inició oficialmente su segundo ciclo en River Plate tras cinco años de en el fútbol alemán y brasilero. https://ok.me/2oCQ1
2026-07-08 17:46:26+00:00,elespectador.com,El Colegio Las Margaritas IED competirá por uno de los premios internacionales más prestigiosos. https://ok.me/wnCQ1
2026-07-08 17:34:23+00:00,elespectador.com,"Arjona envió un derecho de petición a Irene Vélez, minambiente (e), para conocer información sobre la gestión del Ministerio de Ambiente. https://ok.me/snCQ1"
2026-07-08 17:32:25+00:00,elespectador.com,"El mes pasado, pedimos a los lectores que nos contaran sobre sus hábitos nocturnos. Más de 1100 personas respondieron. https://ok.me/pnCQ1"
2026-07-08 17:30:50+00:00,elespectador.com,Investigadores colombianos y mexicanos analizaron el contenido nutricional de aguacates de varios países en el mundo. ¿Qué hallaron? https://ok.me/mnCQ1
2026-07-08 17:08:30+00:00,elespectador.com,El gobierno de Venezuela ha reducido la brecha entre el dólar oficial y el paralelo tras inyectar más de USD 7.000 millones al mercado. https://ok.me/cnCQ1
2026-07-08 17:02:21+00:00,elespectador.com,Cepeda se REAFIRMA como el líder opositor de De la Espriella y pidió defensa de los derechos humanos para el Pacto Histórico. https://ok.me/WnCQ1
2026-07-08 16:56:19+00:00,elespectador.com,"La televisión estatal de Hungría dejó de emitir noticias y se disculó por años de ""mentiras"". https://ok.me/MnCQ1"
2026-07-08 16:33:32+00:00,elespectador.com,Olav Kooij ganó al sprint la quinta etapa del Tour de Francia. Fernando Gaviria perdió a sus lanzadores en una caída y no disputó el sprint. https://ok.me/GnCQ1
2026-07-08 16:32:21+00:00,elespectador.com,Las compañías de inteligencia artificial están contratando a filósofos para resolver algunos de los problemas más grandes de esta tecnología https://ok.me/CnCQ1
2026-07-08 16:14:21+00:00,elespectador.com,Un incendio en inmediaciones de Isla Salamanca y otro dentro de la ciudad cubrieron de humo varios sectores de Barranquilla. https://ok.me/4nCQ1
2026-07-08 16:08:31+00:00,elespectador.com,"Según el INVIMA, estos productos se venden como suplementos dietarios, sin contar con las autorizaciones sanitarias exigidas. https://ok.me/wmCQ1"
2026-07-08 16:02:31+00:00,elespectador.com,La guerra en Oriente Medio es el principal factor que llevó al FMI a recortar sus previsiones de crecimiento global para 2026. https://ok.me/cmCQ1
2026-07-08 15:56:22+00:00,elespectador.com,Las muejers habrían captado a 55 mujeres para ofrecerles un procedimiento conocido como lipólisis láser con transferencia glútea. https://ok.me/SmCQ1
2026-07-08 15:34:22+00:00,elespectador.com,La policía entró a la casa de Jair Bolsonaro en busca de una escopeta que nunca entregó a las autoridades. https://ok.me/EmCQ1
2026-07-08 15:31:24+00:00,elespectador.com,"A propósito de la Semana de la Alta Costura de París, vale la pena explicar de dónde viene el término alta costura. https://ok.me/BmCQ1"
2026-07-08 15:20:28+00:00,elespectador.com,La delegación colombiana firmó otra jornada positiva en los Juegos Parasuramericanos Valledupar 2026. https://ok.me/zlCQ1
2026-07-08 15:14:24+00:00,elespectador.com,"Este es Omar Bula Escobar, Canciller designado por Abelardo de la Espriella para su gabinete. Asume numerosos retos. https://ok.me/vlCQ1"
2026-07-08 15:10:21+00:00,elespectador.com,"Cursos de idiomas, intercambios y voluntariados hacen del turismo educativo una experiencia de aprendizaje e inmersión cultural. https://ok.me/slCQ1"
2026-07-08 15:02:25+00:00,elespectador.com,"Su origen se lo disputan entre Bélgica y Francia, y es una de las preparaciones tradicionales infaltables en la gastronomía mundial. https://ok.me/plCQ1"
2026-07-08 14:46:33+00:00,elespectador.com,Higuita aseguró que adquirió el inmueble con recursos provenientes de su carrera profesional y anunció que apelará la decisión judicial. https://ok.me/blCQ1
2026-07-08 14:42:20+00:00,elespectador.com,La investigación busca esclarecer si el congresista intervino de forma irregular para adjudicar un contrato en La Guajira. https://ok.me/XlCQ1
2026-07-08 14:34:21+00:00,elespectador.com,Una de las cuatro regulaciones sugeridas para frenar el avance de la malnutrición es el etiquetado frontal en los productos ultraprocesados. https://ok.me/UlCQ1
2026-07-08 14:32:21+00:00,elespectador.com,Los propietarios de predios en Bogotá tienen hasta el 10 de julio para pagar el impuesto predial sin intereses ni sanciones. https://ok.me/OlCQ1
2026-07-08 14:26:22+00:00,elespectador.com,"El ministro de Justicia electo, Iván Cancino, habló sobre los principales ejes de la reforma a la justicia del gobierno De la Espriella. https://ok.me/KlCQ1"
2026-07-08 14:20:21+00:00,elespectador.com,Gabinete de Abelardo de la Espriella ya va tomando formas: siguen anuncios y llegarán nuevos ministros. Así se va conformando. https://ok.me/8lCQ1
2026-07-08 14:18:19+00:00,elespectador.com,"Entre julio y octubre, Parques Nacionales destinará cuatro áreas protegidas para el ecoturismo y avistamiento de ballenas jorobadas. https://ok.me/2lCQ1"
2026-07-08 14:12:21+00:00,elespectador.com,El informe de Finance Football reveló cuánto reciben los seleccionadores del Mundial 2026. https://ok.me/wkCQ1
2026-07-08 14:00:58+00:00,elespectador.com,La divisa estadounidense abrió a la baja. Le contamos qué factores afectan el precio de la divisa. https://ok.me/ikCQ1
2026-07-08 13:59:24+00:00,elespectador.com,El caso salió a la luz gracias a un video difundido por el medio local del municipio de Zaragoza. https://ok.me/bkCQ1
2026-07-08 13:58:23+00:00,elespectador.com,"Nuevamente, los cobros desde los 12 pasos le pusieron el límite al combinado nacional en la Copa del Mundo. https://ok.me/XkCQ1"
2026-07-08 13:44:24+00:00,elespectador.com,"La obra del autor polaco-británico, “El corazón de las tinieblas”, aborda temáticas como la condición humana, la colonización y la barbarie. https://ok.me/MkCQ1"
2026-07-08 13:40:31+00:00,elespectador.com,El presidente estadounidense endureció su discurso contra España durante la cumbre de la OTAN al pedir el fin de las relaciones comerciales. https://ok.me/JkCQ1
2026-07-08 13:21:22+00:00,elespectador.com,"La minera detuvo una de sus dos líneas de producción y opera al 50 % por restricciones de gas de Canacol, afectando a más de 220 empleos. https://ok.me/rjCQ1"
2026-07-08 13:20:23+00:00,elespectador.com,Francia y Marruecos reviven la semifinal de Catar 2022 en un duelo por un lugar entre los cuatro mejores del Mundial 2026. https://ok.me/njCQ1
2026-07-08 13:10:20+00:00,elespectador.com,Una persona falleció tras caer desde la estación Venecia de TransMilenio. https://ok.me/RjCQ1
2026-07-08 13:04:21+00:00,elespectador.com,"De acuerdo con la Gobernación del Magdalena, del monto total de la deuda, más del 82 % son de las EPS Coosalud, Nueva EPS y Proteger. https://ok.me/IjCQ1"
2026-07-08 13:02:26+00:00,elespectador.com,Abelardo de la Espriella visitará Cúcuta: esta será la agenda del presidente electo en su primer encuentro de empalme regional. https://ok.me/CjCQ1
2026-07-08 12:34:23+00:00,elespectador.com,"En el ataque, el mayor (r) también hirió en el pecho a su exsuegra. Los hechos ocurrieron en presencia de una menor de cinco años. https://ok.me/TiCQ1"
2026-07-08 12:32:21+00:00,elespectador.com,El hermano de Diosdado Cabello asumirá la dirección de la principal empresa petroquímica estatal tras 18 años en el Seniat. https://ok.me/QiCQ1
2026-07-08 12:28:23+00:00,elespectador.com,"Un investigador en Oxford descubrió una traducción inédita del autor de “El señor de los anillos”, titulada “Soul’s ward”. https://ok.me/HiCQ1"
2026-07-08 12:24:19+00:00,elespectador.com,El volante de la selección lamentó la eliminación con Suiza en el Mundial 2026 y dejó un mensaje autocrítico. https://ok.me/CiCQ1
2026-07-08 12:20:19+00:00,elespectador.com,"Decenas de personas denunciaron el robo de celulares, bolsos y otras pertenencias. https://ok.me/3iCQ1"
2026-07-08 11:54:29+00:00,elespectador.com,El presidente Gustavo Petro insiste en dejar la Presidencia el 6 de agosto para dar paso a Abelardo de la Espriella: esto dijo. https://ok.me/JhCQ1
2026-07-08 11:36:38+00:00,elespectador.com,"El Espectador le cuenta cómo avanza la movilidad. Conozca el pico y placa, cómo opera Transmilenio y las novedades en las vías. https://ok.me/4hCQ1"
2026-07-08 11:22:23+00:00,elespectador.com,La tregua entre Washington y Teherán quedó en entredicho tras los nuevos ataques en el estrecho de Ormuz. https://ok.me/SgCQ1
2026-07-08 11:03:33+00:00,elespectador.com,"Un análisis geográfico revela que, de 210 títulos mineros de cobre, por lo menos 118 se traslapan con zonas de importancia ambiental. https://ok.me/GgCQ1"
2026-07-08 11:02:32+00:00,elespectador.com,"El IPC se ubicó en 6,14 % en su variación anual. El dato complica aún más el panorama para el Banco de la República. https://ok.me/DgCQ1"
2026-07-08 10:24:24+00:00,elespectador.com,"Para empezar el día, le contamos los hechos que serán noticia en el transcurso de la jornada. https://ok.me/nfCQ1"
2026-07-08 04:38:23+00:00,elespectador.com,"Horóscopo del día. Descubre qué te depara en el amor, el dinero y la salud en el horóscopo para hoy 08 de julio del 2026. https://ok.me/McCQ1"
2026-07-08 02:21:24+00:00,elespectador.com,El exdirector del DAS seguirá libre mientras avanza la investigación por su presunta participación en el crimen. https://ok.me/ObCQ1
2026-07-08 02:20:32+00:00,elespectador.com,El parque solar generó más de 1.100 empleos durante su construcción y ya comenzó a entregar energía al país. https://ok.me/LbCQ1
2026-07-08 02:16:23+00:00,elespectador.com,El empalme presidencial es suspendido en medio de choques entre De la Espriella y Petro. La transición continuará bajo la Ley 951 de 2005. https://ok.me/IbCQ1
2026-07-08 02:08:23+00:00,elespectador.com,"Tras el empate sin goles en los 120 minutos, Suiza se impuso en los penaltis y avanzó a los cuartos de final de la Copa del Mundo. https://ok.me/8bCQ1"
2026-07-08 02:05:33+00:00,elespectador.com,"Expertos coinciden en que fue una decisión descuidada y que impactó no solo al Acuerdo de Paz, sino a las comunidades. https://ok.me/uaCQ1"
2026-07-08 02:03:32+00:00,elespectador.com,Lorenzo conversó con la prensa tras el partido en el que Colombia quedó eliminada del Mundial de Norteamérica 2026. https://ok.me/raCQ1
2026-07-08 02:02:26+00:00,elespectador.com,"Los recursos se han destinado a reconocer a un chavismo reorganizado, desatendiendo las funciones estatales que determinan quién sobrevive. https://ok.me/oaCQ1"
2026-07-08 01:48:23+00:00,elespectador.com,El jugador de River Plate dejó entrever que seguirá con la selección de Colombia. ¿Terminó su ciclo con la Tricolor? https://ok.me/kaCQ1
2026-07-08 01:30:26+00:00,elespectador.com,"El DANE reportó que estas actividades aportaron 0,5 puntos al crecimiento económico de Bogotá en 2025. https://ok.me/gaCQ1"
2026-07-08 01:14:34+00:00,elespectador.com,"El DANE confirma que los precios siguen al alza, con aumentos destacados en productos clave del hogar. Le contamos cuáles son. https://ok.me/RaCQ1"
2026-07-08 01:03:30+00:00,elespectador.com,"Falcao García, goleador histórico de la selección de Colombia, criticó la estructura del fútbol colombiano tras eliminación de la tricolor. https://ok.me/DaCQ1"
2026-07-08 00:56:23+00:00,elespectador.com,La administración entrante de Abelardo de la Espriella calienta motores para el primer empalme regional. https://ok.me/8aCQ1
2026-07-08 00:54:25+00:00,elespectador.com,"Sin pruebas, el Gobierno dijo que el migrante intentó atropellar a uno de sus agentes, quien, en consecuencia, le disparó en defensa propia. https://ok.me/5aCQ1"
2026-07-08 00:34:29+00:00,elespectador.com,"Las ayudas son, principalmente, para adquirir seguros agropecuarios ante el aumento del riesgo de sequía en 2026. https://ok.me/2aCQ1"
2026-07-08 00:26:25+00:00,elespectador.com,La selección nacional se quedó afuera de la Copa del Mundo después de empatar 0-0 con Suiza y caer en los penaltis. https://ok.me/yZCQ1
2026-07-08 00:08:26+00:00,elespectador.com,"En el reporte de finales de junio, la OMS había identificado 277 muertes por ébola. La cifra ahora es de 506. https://ok.me/pZCQ1"
2026-07-07 23:59:27+00:00,elespectador.com,La ofensiva de Washington vino después de la revocatoria de una exención temporal de sanciones estadounidenses sobre el petróleo iraní. https://ok.me/hZCQ1
2026-07-07 23:58:22+00:00,elespectador.com,La Secretaría de Ambiente anunció que continuará inspeccionando los 165 CDA autorizados que operan en Bogotá. https://ok.me/eZCQ1
2026-07-07 23:54:22+00:00,elespectador.com,Luis Díaz no pudo contener las lágrimas tras la derrota por penales con Suiza. https://ok.me/bZCQ1
2026-07-07 23:40:31+00:00,elespectador.com,Suiza dejó a Colombia sin el último boleto rumbo a los cuartos de final del Mundial de Norteamérica 2026. https://ok.me/XZCQ1
2026-07-07 23:30:35+00:00,elespectador.com,"El peso fuerte impulsa los viajes al exterior, pero representa un reto para la llegada de viajeros internacionales, según Anato. https://ok.me/PZCQ1"
2026-07-07 23:24:28+00:00,elespectador.com,"La Tricolor igualó 0-0 con Suiza durante los 120 minutos, pero terminó cayendo 4-3 en la definición por penales. https://ok.me/LZCQ1"
2026-07-07 23:22:28+00:00,elespectador.com,La Fiscalía abrió una investigación por injuria pública e incitación pública al odio o a la violencia tras el mensaje de Celeste Amarilla. https://ok.me/IZCQ1
2026-07-07 23:19:29+00:00,elespectador.com,Desde la administración entrante ya existen diálogos con los partidos tradicionales para lograr acercamientos con el Legislativo. https://ok.me/FZCQ1
2026-07-07 23:18:28+00:00,elespectador.com,"El inmueble perteneció a los hermanos William y Gerardo “Kiko” Moncada, dos de los principales socios del Cartel de Medellín. https://ok.me/CZCQ1"
2026-07-07 23:10:25+00:00,elespectador.com,"El pianista Alfonso Pérez Gómez habló sobre su libro “El esplendor de la música, Johann Sebastian Bach y la música del Barroco”. https://ok.me/9ZCQ1"
2026-07-07 23:03:23+00:00,elespectador.com,¿Persecución o rendición de cuentas? Los casos de Marine Le Pen y Nigel Farage ponen a prueba la estrategia de la derecha europea. https://ok.me/yYCQ1
2026-07-07 23:02:24+00:00,elespectador.com,La perrita estuvo expuesta a constantes persecuciones por parte de otros animales. https://ok.me/tYCQ1
2026-07-07 22:58:20+00:00,elespectador.com,La Ruta Fácil 6 terminará ahora en la estación Calle 76 y cambiará la operación de otros servicios del sistema. https://ok.me/mYCQ1
2026-07-07 22:56:22+00:00,elespectador.com,Autoridades buscan a tres jóvenes venezolanos desaparecidos desde el 16 de junio en el occidente de Medellín. https://ok.me/jYCQ1
2026-07-07 22:26:21+00:00,elespectador.com,"Se trata de la Clínica Materno Infantil San Luis, ubicada en Bucaramanga. La institución dice que la razón es una deuda de la aseguradora. https://ok.me/UYCQ1"
2026-07-07 22:22:22+00:00,elespectador.com,Un adulto mayor fue asesinado y otro hombre resultó herido en un ataque sicarial en un billar de Barranquilla. https://ok.me/RYCQ1
2026-07-07 22:20:36+00:00,elespectador.com,En este #TipLegal le explicamos que opciones tiene para reaccionar cuando una ley le viola sus derechos constitucionales. https://ok.me/OYCQ1
2026-07-07 22:02:35+00:00,elespectador.com,La CAR advirtió riesgos de contaminación del suelo y de cuerpos de agua por el manejo inadecuado de los residuos. https://ok.me/GYCQ1
2026-07-07 21:42:21+00:00,elespectador.com,"Aunque el lichi y el rambután parecen iguales a simple vista, sus diferencias en apariencia, sabor y origen hacen de cada uno un fruto único https://ok.me/4YCQ1"
2026-07-07 21:34:21+00:00,elespectador.com,"El mandatario estadounidense insistió en que Groenlandia debe ser de EE. UU. Entretanto, se vieron protestas en Turquía contra la OTAN. https://ok.me/1YCQ1"
2026-07-07 21:20:22+00:00,elespectador.com,El presidente Gustavo Petro adelantó una reunión con la bancada del Pacto Histórico en la Casa de Nariño. ¿Qué pasó? https://ok.me/qXCQ1
2026-07-07 21:16:21+00:00,elespectador.com,La procesada no aceptó el cargo de homicidio agravado y permanecerá en prisión mientras avanza la investigación. https://ok.me/nXCQ1
2026-07-07 20:52:23+00:00,elespectador.com,Boyacá instalará bloqueadores de señal en las cárceles de El Barne y Cómbita para frenar las extorsiones carcelarias. https://ok.me/0XCQ1
2026-07-07 20:39:31+00:00,elespectador.com,"Altamira invita a descubrir el origen de uno de los sabores más emblemáticos de Colombia entre tradición, historia y naturaleza. https://ok.me/oWCQ1"
2026-07-07 20:38:20+00:00,elespectador.com,"Con apoyo militar estadounidense, el Aeropuerto Internacional Simón Bolívar de Maiquetía intenta recuperar operaciones. https://ok.me/iWCQ1"
2026-07-07 20:30:18+00:00,elespectador.com,Maza Márquez se desempeñaba como director del extinto DAS cuando fue asesinado el candidato presidencial Carlos Pizarro. https://ok.me/fWCQ1
2026-07-07 20:18:22+00:00,elespectador.com,"Colombia volvió a sentirse como local en la Copa del Mundo de Norteamérica 2026, esta vez en el BC Place de Vancouver. https://ok.me/QWCQ1"
2026-07-07 20:08:20+00:00,elespectador.com,¿Continuará proceso de empalme?: Tras choque entre De la Espriella y Petro así se ve panorama para tránsito y cambio en el poder. https://ok.me/HWCQ1
2026-07-07 20:06:24+00:00,elespectador.com,Este es el más reciente desafío que enfrenta el débil cese al fuego entre Washington y Teherán. https://ok.me/DWCQ1
2026-07-07 19:54:20+00:00,elespectador.com,La NASA dio a conocer cuáles serán los eventos astronómicos que se podrán disfrutar en julio. Hay al menos cuatro. Estas son las fechas. https://ok.me/uVCQ1
2026-07-07 19:44:23+00:00,elespectador.com,"Colombia tiene tres partidos en esta instancia mundialista: una derrota en tiempos extra, una victoria y un empate. https://ok.me/mVCQ1"
2026-07-07 19:30:24+00:00,elespectador.com,Los mantenimientos en la red finalizarán al mediodía y no afectarán el horario del Colombia vs. Suiza. https://ok.me/cVCQ1
2026-07-07 19:07:22+00:00,elespectador.com,El equipo de Néstor Lorenzo ya definió los once con los que intentará meterse entre las ocho mejores selecciones del Mundial 2026. https://ok.me/ZVCQ1
2026-07-07 19:06:36+00:00,elespectador.com,"Air-e detectó 264 conexiones ilegales de energía en el Caribe en el primer semestre de 2026, incluyendo hoteles, casinos y supermercados. https://ok.me/WVCQ1"
2026-07-07 19:04:40+00:00,elespectador.com,"El presidente electo construye el circulo más importante de su gobierno, hasta el momento va 10 ministros, le faltan 8. https://ok.me/TVCQ1"
2026-07-07 19:03:22+00:00,elespectador.com,"Su familia está muy preocupada, ya que el perro padece una enfermedad crónica y necesita su tratamiento. https://ok.me/QVCQ1"
2026-07-07 19:02:22+00:00,elespectador.com,Su modelo tercerizado y su fuerte financiamiento ilícito les ha permitido mutar rápidamente sus líderes. https://ok.me/NVCQ1
2026-07-07 18:58:59+00:00,elespectador.com,"Después del tercer gol de la Albiceleste, Hossam Hassan, marcó una X con su brazos, aparentemente en señal de racismo. https://ok.me/HVCQ1"
2026-07-07 18:52:40+00:00,elespectador.com,Marine Le Pen confirmó que liderará a una extrema derecha en posición de fuerza en la elección presidencial de Francia en 2027. https://ok.me/EVCQ1
2026-07-07 18:48:23+00:00,elespectador.com,Estos son algunos de los destinos imperdibles para disfrutar de la temporada de ballenas en Colombia. https://ok.me/8VCQ1
2026-07-07 18:34:22+00:00,elespectador.com,El árbitro y el VAR quedaron en el centro de la conversación tras varias decisiones determinantes en Argentina vs. Egipto. https://ok.me/yUCQ1
2026-07-07 18:04:23+00:00,elespectador.com,La selección tricolor enfrentará a Suiza en Canadá con la intención de conseguir su tiquete a los cuartos de final del Mundial 2026. https://ok.me/kUCQ1
2026-07-07 18:03:20+00:00,elespectador.com,La Corte Constitucional resolvió un pleito judicial que involucró a una mujer trans y venezolana. https://ok.me/fUCQ1
2026-07-07 18:02:21+00:00,elespectador.com,¿No sabes cómo aprovechar esta fruta? Aquí te damos algunas opciones para activar tu creatividad en la mesa. https://ok.me/aUCQ1
2026-07-07 18:00:22+00:00,elespectador.com,Deberán firmar una declaración de que no se ha usado IA de ninguna manera para generar la obra con la que concursan. https://ok.me/SUCQ1
2026-07-07 17:32:32+00:00,elespectador.com,Tadej Pogacar decidió no exprimir a sus compañeros y dejó escapar el maillot amarillo del Tour de Francia. https://ok.me/2UCQ1
2026-07-07 17:30:23+00:00,elespectador.com,Conozca quién puede postularse para acceder al subsidio estudiantil para el pasaje del Metro de Medellín. https://ok.me/xTCQ1
2026-07-07 17:26:21+00:00,elespectador.com,"El exsenador y jefe de debate del presidente electo, Abelardo de la Espriella, fue designado para liderar el ministerio de Comercio. https://ok.me/sTCQ1"
2026-07-07 17:24:20+00:00,elespectador.com,"Administradora de empresas, fue candidata al senado por el movimiento político de su hermano, Federico Gutiérrez, alcalde de Medellín. https://ok.me/lTCQ1"
2026-07-07 17:22:22+00:00,elespectador.com,"El próximo rival de la Selección Colombia es Suiza, un jugador clave en la economía de la capital. https://ok.me/eTCQ1"
2026-07-07 17:18:22+00:00,elespectador.com,"Tapar el olor con ambientador no soluciona el problema. La clave es identificar si viene de un derrame, del tanque o de una fuga. https://ok.me/WTCQ1"
2026-07-07 17:14:21+00:00,elespectador.com,Un repaso a las cifras y los desafíos que marcarán la gestión del nuevo titular de la cartera. https://ok.me/OTCQ1
2026-07-07 17:07:22+00:00,elespectador.com,"La cartera de Transporte enfrenta deudas, licencias y el fin de las 4G, con proyectos 5G aún rezagados. https://ok.me/LTCQ1"
2026-07-07 17:06:21+00:00,elespectador.com,"Viviane Morales, exfiscal general y exsenadora, fue anunciada como ministra de Educación del gobierno de Abelardo de la Espriella. https://ok.me/ITCQ1"
2026-07-07 17:02:21+00:00,elespectador.com,¿Por qué la justicia estadística para las personas trans es una condición del buen gobierno? https://ok.me/FTCQ1
2026-07-07 17:00:31+00:00,elespectador.com,"Farage, líder de Reform UK, buscará revalidar su escaño en unas elecciones parciales tras las acusaciones de no haber declarado donaciones. https://ok.me/1TCQ1"
2026-07-07 16:54:21+00:00,elespectador.com,"Daniel Quintero, superintendente de Salud, apartó de su cargo a Germán Gallo, agente interventor de Famisanar. Llegará Mauricio Molina. https://ok.me/lSCQ1"
2026-07-07 16:50:24+00:00,elespectador.com,"El abogado penalista Iván Cancino aterrizará en la cartera de Justicia para el gobierno del presidente electo, Abelardo de la Espriella. https://ok.me/hSCQ1"
2026-07-07 16:48:21+00:00,elespectador.com,"Mads Pedersen cruzó la línea por delante de Quinn Simmons y de Raúl García, segundo y tercero, respectivamente. https://ok.me/eSCQ1"
2026-07-07 16:40:28+00:00,elespectador.com,"Mintransporte regula patinetes y bicis eléctricas: velocidad máxima, casco obligatorio y normas para baterías de litio. https://ok.me/aSCQ1"
2026-07-07 16:26:32+00:00,elespectador.com,El artista puertorriqueño lució un traje amarillo pastel y una corbata dorada en forma de trenza. https://ok.me/ISCQ1
2026-07-07 16:13:25+00:00,elespectador.com,Abelardo de la Espriella se pronunció por el empalme y acusó a Gustavo Petro de querer vulnerar la democracia: esto dijo. https://ok.me/DSCQ1
2026-07-07 16:12:21+00:00,elespectador.com,"Horóscopo del día. Descubre qué te depara en el amor, el dinero y la salud en el horóscopo para hoy 07 de julio del 2026. https://ok.me/9SCQ1"
2026-07-07 16:10:23+00:00,elespectador.com,El concurso de fotografía de Ocean Conservancy se realiza todos los años con el objetivo de fomentar el cuidado de los océanos del mundo. https://ok.me/2SCQ1
2026-07-07 15:58:28+00:00,elespectador.com,El mandatarió presentó una querella contra el integrante del equipo de empalme del gobierno electo de Abelardo de la Espriella. https://ok.me/qRCQ1
2026-07-07 15:57:22+00:00,elespectador.com,"En la última jornada de para powerlifting en Valledupar, el país logró un título más, esta vez de parte del equipo masculino. https://ok.me/nRCQ1"
2026-07-07 15:56:24+00:00,elespectador.com,Desde el 1 de julio comienza a regir el nuevo marco tarifario de la CRA y el Gobierno. Así quedan los aumentos en Bogotá y Cundinamarca. https://ok.me/kRCQ1
2026-07-07 15:40:25+00:00,elespectador.com,Conozca los pasos y recomendaciones de la Registraduría para descargar y activar la cédula digital en el celular. https://ok.me/WRCQ1
2026-07-07 15:34:30+00:00,elespectador.com,"La construcción de una vía que pasa por el humedal Zajón del Burro, en el sur de Cali, ha generado controversia en la ciudad. https://ok.me/SRCQ1"
2026-07-07 15:32:22+00:00,elespectador.com,"Aunque la sentencia en apelación le devolvió la posibilidad de aspirar al Elíseo, Marine Le Pen aún no confirma si competirá en 2027. https://ok.me/PRCQ1"
2026-07-07 15:30:23+00:00,elespectador.com,Los cubanos recurren a la solidaridad comunitaria para salir adelante en medio del bloqueo y los apagones. https://ok.me/KRCQ1
2026-07-07 15:22:28+00:00,elespectador.com,"La OPEP+ aumentó producción, pero su influencia cayó a 36,8 % del mercado mundial, según ANIF. https://ok.me/9RCQ1"
2026-07-07 15:14:20+00:00,elespectador.com,"A partir del fútbol, el relato propone una reflexión sobre la identidad y el sentido de pertenencia. https://ok.me/3RCQ1"
2026-07-07 15:04:28+00:00,elespectador.com,"Argentina busca seguir su camino hacia el bicampeonato, pero Egipto trae viento en la camiseta. https://ok.me/sQCQ1"
2026-07-07 15:03:30+00:00,elespectador.com,"Esta bebida se disfruta mejor al momento, ya que las especias tienden a asentarse con el tiempo. https://ok.me/pQCQ1"
2026-07-07 15:02:24+00:00,elespectador.com,"Aunque investigadores avalan los aportes nutritivos del cacao, piden consumirlo bajo asesoría de un nutricionista. https://ok.me/kQCQ1"
2026-07-07 14:58:21+00:00,elespectador.com,El general (r) Jorge Eduardo Mora López habló sobre algunas de sus principales propuestas cuando asuma la cartera el 7 de agosto. https://ok.me/cQCQ1
2026-07-07 14:52:28+00:00,elespectador.com,Una lectora se pregunta si es bueno o malo que la gente vaya cada vez más informal. https://ok.me/YQCQ1
2026-07-07 14:38:29+00:00,elespectador.com,"Según el SENA, el proceso de nombramiento de los 129 directivos se viene adelantando desde el 10 de agosto de 2023. https://ok.me/PQCQ1"
2026-07-07 14:36:22+00:00,elespectador.com,"De la Espriella suspende empalme con Petro: esto dijeron ministros del gobierno, partidos políticos y otras figuras. https://ok.me/KQCQ1"
2026-07-07 14:32:25+00:00,elespectador.com,"Las explosiones en Siria dejaron 18 heridos cerca del hotel donde se hospedaba el mandatario francés, Emmanuel Macron. https://ok.me/BQCQ1"
2026-07-07 14:30:22+00:00,elespectador.com,"Museos, bibliotecas, cultura digital, derechos culturales y economía creativa serán algunos de los temas del Encuentro Iberoamericano de Cul https://ok.me/5QCQ1"
2026-07-07 14:22:22+00:00,elespectador.com,Tras una persecución dos delincuentes fueron capturados con más de seis millones de pesos hurtados en objetos del local. https://ok.me/uPCQ1
2026-07-07 14:20:32+00:00,elespectador.com,"La SIC ordenó a Amarilo evaluar fallas en un conjunto de Villavicencio y adoptar medidas preventivas, tras denuncias ciudadanas. https://ok.me/qPCQ1"
2026-07-07 14:04:21+00:00,elespectador.com,"La gata vivía en el Polideportivo de Santa Marta, donde la atacó un perro, lo que le provocó una grave fractura de columna. https://ok.me/dPCQ1"
2026-07-07 14:03:22+00:00,elespectador.com,El general en retiro Jorge Eduardo Mora López fue nombrado como ministro de Defensa. https://ok.me/YPCQ1
2026-07-07 14:02:23+00:00,elespectador.com,"Breel Embolo, delantero de Suiza, no podrá contar con su mejor socio en ataque para el partido de octavos contra Colombia. https://ok.me/TPCQ1"
2026-07-07 13:48:22+00:00,elespectador.com,El dólar abrió al alza. Le contamos qué factores afectan el precio de la divisa. https://ok.me/APCQ1
2026-07-07 13:42:23+00:00,elespectador.com,Las autoridades encontraron el cuerpo de un turista bogotano desaparecido el pasado domingo en Puerto Colombia. https://ok.me/vOCQ1
2026-07-07 13:36:24+00:00,elespectador.com,"Durante 23 años, esta organización ha atendido mujeres para que incluso después de vivir hechos de violencia, las personas salgan adelante. https://ok.me/qOCQ1"
2026-07-07 13:20:22+00:00,elespectador.com,La principal sospechosa del atentado con explosivos contra un empresario ucraniano en Mónaco fue hallada con impactos de bala. https://ok.me/gOCQ1
2026-07-07 13:16:25+00:00,elespectador.com,"Para el segundo semestre de 2026, entre los planes del Icetex está la ampliación de 8.000 nuevos créditos. https://ok.me/bOCQ1"
2026-07-07 13:08:32+00:00,elespectador.com,Declararon tarde cívica en Barranquilla por el partido de Colombia contra Suiza. ¿Qué implica? https://ok.me/UOCQ1
2026-07-07 13:05:25+00:00,elespectador.com,Gobierno de Gustavo Petro se pronunció por suspensión y se levantó de la mesa de empalme con Abelardo de la Espriella: esto dicen. https://ok.me/ROCQ1
2026-07-07 13:04:23+00:00,elespectador.com,"Movilizaciones sociales, plantones, marchas y actividades conmemorativas convocadas por organizaciones sociales, hacen parte de la agenda. https://ok.me/NOCQ1"
2026-07-07 13:02:29+00:00,elespectador.com,"Con la lesión de Jhon Córdoba, habrá cambio en el delantero centro de la selección de Colombia para este compromiso. https://ok.me/JOCQ1"
2026-07-07 12:39:33+00:00,elespectador.com,El Pont Neuf superó al Louvre gracias a una instalación artística de JR. https://ok.me/rNCQ1
2026-07-07 12:38:36+00:00,elespectador.com,"La defensora del Pueblo, Iris Marín, solicitó un espacio para exponer las recomendaciones en materia de derechos humanos. https://ok.me/oNCQ1"
2026-07-07 12:32:20+00:00,elespectador.com,"Este martes 7 de julio, el colombiano Nicolás Mejía, el mejor clasificado del torneo, tendrá su debut. https://ok.me/eNCQ1"
2026-07-07 12:13:23+00:00,elespectador.com,"Infantino se fortalece tras el Mundial 2026, con ingresos récord de USD 9.000 millones y apoyo mayoritario para su reelección. https://ok.me/CNCQ1"
2026-07-07 12:12:22+00:00,elespectador.com,ESSMAR reconoció que investiga posibles conexiones ilegales y fallas en la infraestructura de acueducto de Santa Marta. https://ok.me/9NCQ1
2026-07-07 12:08:22+00:00,elespectador.com,La líder de ultraderecha francesa fue condenada en el juicio por malversación de fondos mientras era eurodiputada. https://ok.me/4NCQ1
2026-07-07 12:02:33+00:00,elespectador.com,Último día de los octavos de final en el mundial y la selección de Colombia será la encargada de cerrar la jornada. https://ok.me/oMCQ1
2026-07-07 12:00:30+00:00,elespectador.com,"Según el IDEAM, durante la madrugada de este martes 7 de julio se presentaron condiciones nubladas con precipitaciones sobre varios sectores https://ok.me/gMCQ1"
2026-07-07 11:58:19+00:00,elespectador.com,Cámaras de seguridad registraron el momento en el que un hombre abandonó el vehículo dejando al interior dos heridos. https://ok.me/dMCQ1
2026-07-07 11:48:21+00:00,elespectador.com,Abelardo de la Espriella suspendió empalme con gobierno de Gustavo Petro: se cancelaron todas las citas y estos son los motivos. https://ok.me/OMCQ1
2026-07-07 11:42:22+00:00,elespectador.com,Antonio Casale analiza la previa del duelo entre Colombia y Suiza por los cuartos de final del Mundial 2026. https://ok.me/DMCQ1
2026-07-07 11:30:30+00:00,elespectador.com,"La selección de Néstor Lorenzo, que llega en un momento altísimo, busca los cuartos de final de la Copa del Mundo. https://ok.me/tLCQ1"
2026-07-07 11:24:23+00:00,elespectador.com,"Investigan el origen del proyectil que impactó el buque, mientras versiones de medios estadounidenses apuntan a un posible ataque iraní. https://ok.me/pLCQ1"
2026-07-07 11:20:20+00:00,elespectador.com,"El Espectador le cuenta cómo avanza la movilidad. Conozca el pico y placa, cómo opera Transmilenio y las novedades en las vías. https://ok.me/lLCQ1"
2026-07-07 11:06:23+00:00,elespectador.com,"En medio del árido ambiente de la transición de gobierno, la paz total quedó rezagada y desde el 7 de agosto la seguridad será el foco. https://ok.me/QLCQ1"
2026-07-07 11:02:24+00:00,elespectador.com,"Para empezar este 7 de julio de 2026, le contamos los hechos que serán noticia en el transcurso de la jornada. https://ok.me/LLCQ1"
2026-07-07 02:33:27+00:00,elespectador.com,"Los resultados de Samsung están en el punto de mira, ya que los inversores intentan evaluar cuánto tiempo durarán las elevadas inversiones. https://ok.me/qECQ1"
2026-07-07 02:32:26+00:00,elespectador.com,"Las inspecciones abarcan concesiones para uso agropecuario, doméstico, industrial y otros sectores. https://ok.me/lECQ1"
2026-07-07 02:18:25+00:00,elespectador.com,"Nuevos ministros, empalme y aviso a grupos al margen de la ley para sometimiento: esta fue la agenda Abelardo de la Espriella. https://ok.me/dECQ1"
2026-07-07 02:16:28+00:00,elespectador.com,Dos selecciones europeas confirmaron este lunes su cupo entre las ocho mejores selecciones del mundo: España y Bélgica. https://ok.me/aECQ1
2026-07-07 02:04:26+00:00,elespectador.com,Parece que la administración les presta más atención a las manifestaciones que a bandas como el Tren de Aragua. https://ok.me/UECQ1
2026-07-07 02:03:27+00:00,elespectador.com,"El Vaticano excomulgó a los sacerdotes de una facción católica disidente, pero muchos de sus fieles se niegan a romper con ella. https://ok.me/NECQ1"
2026-07-07 02:02:31+00:00,elespectador.com,"El IDU aseguró que solo restan trabajos de iluminación, señalización y una vía de conexión. https://ok.me/KECQ1"
2026-07-07 01:44:34+00:00,elespectador.com,"A pocas horas del duelo por los octavos de final del Mundial 2026, Néstor Lorenzo habló sobre el reto que representa Suiza. https://ok.me/FECQ1"
2026-07-07 01:26:27+00:00,elespectador.com,El equipo de rescatistas de Medellín que viajó a Venezuela tras el terremoto recibió una de las máximas distinciones civiles de la ciudad. https://ok.me/BECQ1
2026-07-07 01:18:28+00:00,elespectador.com,"Según WeWork, uno de cada tres trabajadores no aceptaría un empleo que no ofrezca trabajo remoto. https://ok.me/8ECQ1"
2026-07-07 01:10:32+00:00,elespectador.com,"Erika Kirk asistió a la primera audiencia contra Tyler Robinson, acusado de asesinar al activista conservador. https://ok.me/5ECQ1"
2026-07-07 01:02:28+00:00,elespectador.com,"La Unión Europea implementará una serie de nuevas reglas para algunos productos del agro, entre estos varios clave para Colombia. https://ok.me/1ECQ1"
2026-07-07 00:50:30+00:00,elespectador.com,"Si supera a Suiza, Colombia ya sabe la fecha, la sede y los dos posibles rivales que tendrá en los cuartos de final del Mundial 2026. https://ok.me/xDCQ1"
2026-07-07 00:42:25+00:00,elespectador.com,"Exministro de Minigualdad habló de polémicas, ejecución y liquidación: “La ejecución no se dio por los cambios de ministros que hubo”. https://ok.me/uDCQ1"
2026-07-07 00:38:28+00:00,elespectador.com,"El permiso fue otorgado para una zona ubicada entre los municipios de Samaná, en Caldas, y Nariño, en Antioquia. https://ok.me/rDCQ1"
2026-07-07 00:24:29+00:00,elespectador.com,"Universal Kids Resort abrió sus puertas con siete áreas temáticas inspiradas en franquicias como Shrek, Jurassic World, Bob Esponja y más. https://ok.me/iDCQ1"
2026-07-07 00:22:27+00:00,elespectador.com,"Tras la exhibición de Tadej Pogačar y su conquista del maillot amarillo, el Tour de Francia 2026 afronta una cuarta jornada intensa. https://ok.me/fDCQ1"
2026-07-07 00:18:24+00:00,elespectador.com,"Un análisis de Spotify muestra cómo los hábitos de escucha cambian antes, durante y después de los partidos de Colombia en el Mundial 2026. https://ok.me/bDCQ1"
2026-07-07 00:14:25+00:00,elespectador.com,El gobierno de Abelardo de la Espriella deberá definir si convierte el tema en una prioridad o lo deja en el papel. https://ok.me/UDCQ1
2026-07-07 00:06:25+00:00,elespectador.com,El mandatario colombiano acusó al abogado estadounidense de haber financiado la campaña de Abelardo de la Espriella. https://ok.me/HDCQ1
2026-07-07 00:05:25+00:00,elespectador.com,"""Al señor Presidente, mi gratitud por haberme permitido servirle al pais desde el ministerio"", señaló el ministro a través de un trino. https://ok.me/EDCQ1"
2026-07-07 00:04:27+00:00,elespectador.com,La interrupción del servicio hace parte de un mantenimiento preventivo de la red eléctrica. https://ok.me/BDCQ1
2026-07-07 00:03:27+00:00,elespectador.com,Ya inició la consulta previa del proyecto de Minambiente que busca declarar la Amazonia libre de concesiones mineras y de hidrocarburos. https://ok.me/8DCQ1
2026-07-06 23:52:26+00:00,elespectador.com,Presidente Gustavo Petro convocó a reunión de bancada del Pacto Histórico en la Casa de Nariño: así será la agenda. https://ok.me/yCCQ1
