author,text,likes,video_id
@YouTube,can confirm: he never gave us up,268428,dQw4w9WgXcQ
@SidCostello-m4s,When he said вАЬdesert youвАЭ I thought he meant вАЬdessert youвАЭ and it made me hungryрЯШ≠,0,dQw4w9WgXcQ
@tinacurlyq,Can someone explain what rickroll means? IвАЩve never heard that term and I loved this song back in the day рЯШК,1,dQw4w9WgXcQ
@jazzjosh4813,https://www.youtube.com/watch?v=dQw4w9WgXcQ,0,dQw4w9WgXcQ
@NoobMoons,A short lend me to this now I got ricked rolled,0,dQw4w9WgXcQ
@Yuki-g5s1x,https://youtu.be/dQw4w9WgXcQ?si=s_wjxR4sjapC2an3,0,dQw4w9WgXcQ
@victoriacarrillanca516,Nicole Miranda рЯТЪрЯНАрЯТЩ,0,dQw4w9WgXcQ
@jamesapplesword7846,A qr code in block blast gave me this,0,dQw4w9WgXcQ
@einnoralerob3347,"People who came here to actually listen to the song:











...",0,dQw4w9WgXcQ
@MishoGMD,y mi nitro gratis?,0,dQw4w9WgXcQ
@verugonzalez5701,I got this in a QR code рЯШ≠,0,dQw4w9WgXcQ
@ZildaBrito-d9q,Rick cantamuito lindamente m√Їsica lind√≠ssima √≠cone mundial s√≥ sucessos lindos voz lind√≠ssima вЭ§вЭ§вЭ§вЭ§рЯОЙрЯШЃвЭ§вЭ§вЭ§вЭ§рЯОЙрЯШКвЭ§,0,dQw4w9WgXcQ
@Fans-l9p,It reminds me of getting Rick rolled,0,dQw4w9WgXcQ
@RobinLucas27,"Vou contar quantas vezes sou rickrollado, agora fui 1 vez",0,dQw4w9WgXcQ
@laithharoun-o7l,damn it! i found the code on smg4,0,dQw4w9WgXcQ
@RobLocks-p9u,i just rickrolled ai xd,0,dQw4w9WgXcQ
@a8jj,ЎђўЖўИЎѓ Ў±ўИЎ≥,0,dQw4w9WgXcQ
@Ilovecallofdutybo1,The views in this vid are crazy amounts,0,dQw4w9WgXcQ
@PatrickDickey0831,80's hit banger рЯТѓрЯТ™рЯПЊ,0,dQw4w9WgXcQ
@Rick-xp5sy,Same time tomorrow рЯСНрЯСН,1,dQw4w9WgXcQ
@гБВгБ™гБЯгБЃгБКжѓНгБХгВУгБѓиЙѓгБДдЇЇгБІгБЩ,–Ю–±–Њ–ґ–∞—О —А–µ–Ї–Њ–Љ–µ–љ–і–∞—Ж–Є–Є —О—В—Г–±–∞,0,dQw4w9WgXcQ
@xjaix.0,I scanned this from a car and sent me to this рЯШ≠вЬМпЄП,0,dQw4w9WgXcQ
@Neko-bit2827,Yes I got rickrolled but it opened on an ad,0,dQw4w9WgXcQ
@V1plushie_prime,i got sent here by colons site,0,dQw4w9WgXcQ
@bradleywillis935,Ordered a mouse and there was a barcode to here,0,dQw4w9WgXcQ
@CcartonGo,I must be the only one who clicked on the link,0,dQw4w9WgXcQ
@mamahuevodigoglugluglu,Alguien vino de un cu r,1,dQw4w9WgXcQ
@Justin-o3m1z,Getting rickrolled in 2026 is insanity,0,dQw4w9WgXcQ
@xxmicah148,I got rick roll from a game,0,dQw4w9WgXcQ
@urlocalkatiee,DUDE CHATGPT RICKROLLED ME-,0,dQw4w9WgXcQ
@Warriors_Gold,–Ъ–ї–Є–њ –≤—Л—И–µ–ї –Ј–∞ 4 –і–љ—П –і–Њ –Љ–Њ–µ–≥–Њ —А–Њ–ґ–і–µ–љ–Є—П...рЯШЃ,1,dQw4w9WgXcQ
@peropero_pu,I knew it. But can't resist.,1,dQw4w9WgXcQ
@MichelleSithole-d9w,A game brought  me here,0,dQw4w9WgXcQ
@jeongeun-s1s4s3,DAMN IT! I got Rick rolled рЯШ≠,0,dQw4w9WgXcQ
@candicephomin2994,July 2026 anyone?,42,dQw4w9WgXcQ
@JonahHowes,"Welp, it's time to rickroll my crush, wish me luck
рЯСЗ",3,dQw4w9WgXcQ
@AglerPaxtor,I came from a babft video рЯТФ,0,dQw4w9WgXcQ
@lilianaavila3243,When i was little i always thought he was Harry styles.рЯШВрЯШВ,0,dQw4w9WgXcQ
@mayoandkebab,you got me gdcolon,0,dQw4w9WgXcQ
@emigamerLQYT,"2:40 MIGHTY EAGLEEEEрЯЧ£рЯЧ£рЯФ•рЯФ•
* falls off the mountain * 
Ahhhhhh",0,dQw4w9WgXcQ
@Bryce-u3x7q,i got here from a gta 4 mod,0,dQw4w9WgXcQ
@carolinefotheringham6029,Did anybody scam simji rug code? рЯШВ,0,dQw4w9WgXcQ
@MaryMurphy-h6d,"вЭ§вЭ§вЭ§вЭ§ it's not your way ,but times have changed, and im gonna make sure we all get recognised  ! You will be very proud of me ! I promise! I dont lie,believe me ! Im the best!!!! Ireland first!вЭ§вЭ§вЭ§вЭ§!",1,dQw4w9WgXcQ
@007rcaito,That so old,0,dQw4w9WgXcQ
@al3xandra391,I just got rick rolled in the big 26рЯШ≠рЯЩП,0,dQw4w9WgXcQ
@Alissaaaaaa-c8e,Sent this to my friend. SHE BOUT TO BE RICKROLLED,1,dQw4w9WgXcQ
@Waldon-e3q,1.7 bn people rickrolled btwрЯШФвЬМпЄП,2,dQw4w9WgXcQ
@minnie3492,I was playing elm wood when I scanвА¶.,2,dQw4w9WgXcQ
@Miko≈Вaj_pl_pl,https://youtube.com/shorts/Mhcrb-w_sqg?is=d5G3YIdieGTDWaR1,1,dQw4w9WgXcQ
@patientpoint3914,Nies song,0,dQw4w9WgXcQ
@petertheelyon-i1,This song is just on another level вЭ§вЭ§вЭ§,2,dQw4w9WgXcQ
@SubTo_Besterplayz,I just finished a video and it directly switched to this. YouTube rickrolled me,2,dQw4w9WgXcQ
@ezuvex,"This video tutorial is genuinely helpful - the valuable insights at 2:34 saved me time. But I noticed this isn't getting the views it deserves. Your helpful resources linked is solid, but the description SEO (title/tags/description) might be holding the algorithm back. I help creators fix exactly this - happy to share a quick audit if useful. DM me 'audit' and I'll take a look",0,dQw4w9WgXcQ
@ezuvex,"This video tutorial is genuinely helpful - the valuable insights at 2:34 saved me time. But I noticed this isn't getting the views it deserves. Your helpful resources linked is solid, but the description SEO (title/tags/description) might be holding the algorithm back. I help creators fix exactly this - happy to share a quick audit if useful. DM me 'audit' and I'll take a look",0,dQw4w9WgXcQ
@ToumaMusic,Damn youuu,0,dQw4w9WgXcQ
@AlderTrombley,Anyone else here from feodoric?,0,dQw4w9WgXcQ
@shric-shriccc134,I pranked my aunt with a qr code that broght hert to this,12,dQw4w9WgXcQ
@Martin-YTR,Diszn√≥t√≥r himnusz,0,dQw4w9WgXcQ
@BrunoMendon√Іa-j3j,"I don't know about you, but this song brings me good energy every time I listen to it. From Brazil рЯЗІрЯЗЈрЯЂґрЯПї",1,dQw4w9WgXcQ
@Waterspriteisme,Yes I did just get rickrolled.,2,dQw4w9WgXcQ
@cmercado2025,THE DOD WIKI SENT ME HERE I THOUGHT THERE WAS LORE,3,dQw4w9WgXcQ
@abigailserwaalarbi3695,IвАЩm looking for Zoey,1,dQw4w9WgXcQ
@makueiaz,i was rick rolled by the bob mod from fnfрЯШ≠рЯШ≠,0,dQw4w9WgXcQ
@divine_feezer,it takes a real legend for YouTube to even leave a comment on this video,2,dQw4w9WgXcQ
@divine_feezer,it takes a real legend for YouTube to even leave a comment on this video,0,dQw4w9WgXcQ
@NichtLuis,Got Rick Rollt in Animal crossing,0,dQw4w9WgXcQ
@Ceruledge_the_knight,Got Here Here because of an anymal Crossing code,0,dQw4w9WgXcQ
@apostolisfakes9420,Who came from mega chameleon рЯШВрЯШВ,1,dQw4w9WgXcQ
@LucaBazooka-l8o,Rickrolled,1,dQw4w9WgXcQ
@DellanMwangingure,Rickrolled,0,dQw4w9WgXcQ
@JaredtheRabbit,Some ASCII art just Rick Rolled me.,0,dQw4w9WgXcQ
@yoshibunny,I was a university student in those days.  I love this music!     I still listen.,0,dQw4w9WgXcQ
@MDNirob-d6k4g,hi bro kamon aso sobai,0,dQw4w9WgXcQ
@лЭЉлЦЉ-y7y,мХДмєілЭЉ кіСк≥† гЕЕгЕВ гЕЛгЕЛгЕЛгЕЛгЕЛ,2,dQw4w9WgXcQ
@arasakman05,But link say free robux,1,dQw4w9WgXcQ
@charanfamous79,Who is here after clicking the link from nirmal's serial video? XD lol!!!,0,dQw4w9WgXcQ
@Xool-o3p,gd colon is a furry,0,dQw4w9WgXcQ
@chickenwing-v7w,NEVER GONNA GIVE YOU UP {keep singing song till it ends},1,dQw4w9WgXcQ
@KallelKuss,I scanned a qr code but then I got Rick rolled,0,dQw4w9WgXcQ
@–Т–ї–∞–і–Є–Љ–Є—А–°—В–Њ–ї—П—А–Њ–≤-–ґ1–і,–ѓ –њ–Њ–њ–∞–ї —Б—О–і–∞ –Є–Ј-–Ј–∞ –Ї—М–∞—А –Ї–Њ–і–∞ –≤ –Љ–∞–Ї—Б–µ,0,dQw4w9WgXcQ
@maffvka,7.14.26,0,dQw4w9WgXcQ
@shuber-n9e,a billion people go ricroled,0,dQw4w9WgXcQ
@bassie_57502,This needs an 2026 comment,6,dQw4w9WgXcQ
@KennethMinoza-n4d,0:0,0,dQw4w9WgXcQ
@KennethMinoza-n4d,-3:32,0,dQw4w9WgXcQ
@cookiedancer9725,"Bro, my dad has his water bottle and it said scan me and I scanned it and this is where I can too so sadрЯШЃ",0,dQw4w9WgXcQ
@AQMVGX,"Got rickrolled in 2026 ?
Me too brother...
Me too...",14,dQw4w9WgXcQ
@AnhDao-jb3hr,night dance рЯЧњ,0,dQw4w9WgXcQ
@LiamWaterson-v6p,Got me groovin' and movin',0,dQw4w9WgXcQ
@firepea_lover-q8m,http://www.youtube.com/watch?v=dQw4w9wgXcQhttp://www.youtube.com/watch?v=dQw4w9wgXcQ,0,dQw4w9WgXcQ
@fst_ghastwither,T√іi vбїЂa thбї≠ qu√©t c√°i m√£ th√ђ n√≥ hiбїЗn mбїЩt video,0,dQw4w9WgXcQ
@fghasd5394,WHERE IS MY MIG-28 DLC Eugen????,0,dQw4w9WgXcQ
@StrikeTeamReaper,I got sent here from a build a boat qr code рЯШ≠рЯШ≠,1,dQw4w9WgXcQ
@Subspacewhatshisface,still wondering wheres the free robux,1,dQw4w9WgXcQ
@tronghieufirefox2571,i got rickrolled by that one puzzle my friend gave me,0,dQw4w9WgXcQ
@T.LUCAAS,0:00 0:01 рЯШВ,0,dQw4w9WgXcQ
@Roblox_justANoob,"""wait a minute, this isnt the link to get free robux""
-lil timmy",0,dQw4w9WgXcQ
@kadirkarademir1087,Harika video!@Gпњљzel paylasim@пњљok begendim,0,dQw4w9WgXcQ
@kadirkarademir1087,Harika video!@Gпњљzel paylasim@пњљok begendim,0,dQw4w9WgXcQ
@kadirkarademir1087,Harika video!@Gпњљzel paylasim@пњљok begendim,0,dQw4w9WgXcQ
@almarcharliesaludes2649,вБ∞-вБ∞,0,dQw4w9WgXcQ
@Sage-z8x,this isnвАЩt level 69 of the backrooms,0,dQw4w9WgXcQ
@xar9-o5x,Came here from fortnite and I can't stop listening to this,1,dQw4w9WgXcQ
@WhenWeather,100% i rickroll my friends and it was funnyрЯШВрЯШВрЯШВ,0,dQw4w9WgXcQ
@UniqueBadass-g2g,Bijou mike trolled me. >=(,0,dQw4w9WgXcQ
@smreconnectingbp7181,Hii i'm mother's milk phone,0,dQw4w9WgXcQ
@GraceFamily-y2c,Everyone got airdropped a link in my school and I got sent the video to whoever did that I'm coming for you,0,dQw4w9WgXcQ
@unusualguy-uuy,мХДмєілЭЉмЭілЄМ кіСк≥† лИДкµђлГР,4,dQw4w9WgXcQ
@Sivox_3212,"All those who have been ricrolled
рЯСЗ",1,dQw4w9WgXcQ
@Caronel123,Plis heart song,0,dQw4w9WgXcQ
@rosecoco52,"2026
рЯСЗ",2,dQw4w9WgXcQ
@Sramytl,Got Rickroll'd by Youtube Random playlist.,1,dQw4w9WgXcQ
@Make_Nakarkos_Great_Again,FXXXXXXXXXXXXXXXXXXXXXXXXXXXXXXXXXXXXXXXXXXXXXXXXXXXXX,0,dQw4w9WgXcQ
@El_Gargo,https://youtu.be/dQw4w9WgXcQ?si=2U8wiIuVtaoLp3Dy,0,dQw4w9WgXcQ
@anuring-25,https://m.youtube.com/watch?v=dQw4w9WgXcQ&list=RDdQw4w9WgXcQ&start_radio=1&pp=ygUXbmV2ZXIgZ29ubmEgZ2l2ZSB5b3UgdXCgBwE%3D&ra=m,0,dQw4w9WgXcQ
@kingen.,лВЪмЛЬлЛєнХЬ мХДмєілґДлУ§ мЖР,5,dQw4w9WgXcQ
@krzysztof2342,I been rickrolled by Gemini рЯШ≠,1,dQw4w9WgXcQ
@AycelMohamed-y1j,BRO I THOUGHT IT CAN GIVE ME ROBUX YOU JUMPSCARED ME,0,dQw4w9WgXcQ
@MrbobGameing,I asked google AI for the sonic 35th anniversary link or what not. cause the metal sonic animation looks fire. it gave me a linked. clicked it. and I got sent here. I hate google AI so much bro,3,dQw4w9WgXcQ
@bervinsinining8018,f,0,dQw4w9WgXcQ
@kpopii_17,1:56,0,dQw4w9WgXcQ
@kpopii_17,1:47,0,dQw4w9WgXcQ
@Soborsa120,"—П –Њ–і–Є–љ –Є—Е —А–Њ—Б—Б–Є–Є
 
Im Russia",0,dQw4w9WgXcQ
@JacobCruz-g4x,But the link said free robux:(,1,dQw4w9WgXcQ
@Your_localCatLover,I got sent here form Loopit and got rivkrolled,0,dQw4w9WgXcQ
@3107-js,I've been rickrolled again.,0,dQw4w9WgXcQ
@LucyaZero,im so happy about an ad,0,dQw4w9WgXcQ
@DMG_TEAM_REAL,Who in 2006,0,dQw4w9WgXcQ
@julezcon,my friend sent me this i HATE HIM,1,dQw4w9WgXcQ
@abdusemedabdurehman4241,вЭ§вЭ§вЭ§вЭ§вЭ§вЭ§вЭ§вЭ§вЭ§вЭ§вЭ§вЭ§вЭ§вЭ§вЭ§вЭ§вЭ§вЭ§вЭ§,0,dQw4w9WgXcQ
@MaryseLadouceur,This isn't about strict parentsрЯШ≠,0,dQw4w9WgXcQ
@michaelahkuoi5205,Who came here from Meccha Chameleon? рЯШВ,2,dQw4w9WgXcQ
@peonneon5501,Still enjoying this!  Thanks,0,dQw4w9WgXcQ
@NickoLance-e5d,"Who got rick rolled while clicking an random link or scanning a qr code or was redirected?
рЯСЗ",0,dQw4w9WgXcQ
@SaigarouWH,we nightmareрЯТАрЯЩПрЯПї,0,dQw4w9WgXcQ
@alcinadreamer,https://youtu.be/dQw4w9WgXcQ?is=MGfmzOrHGggSMC0-,0,dQw4w9WgXcQ
@shellynotedrawz,i got rick roled,0,dQw4w9WgXcQ
@LaneLersch,рЯЫЇрЯЩД,0,dQw4w9WgXcQ
@AbdullahAbuTaimeh,Don't Scan it bruh,1,dQw4w9WgXcQ
@devouroronly4714,Faaaaaakk,1,dQw4w9WgXcQ
@Lunifat_Luna,https://www.youtube.com/watch?v=dQw4w9WgXcQ,2,dQw4w9WgXcQ
@GabbyCatFan2021-stx,YOU KNOW THE RULES AND SO DO I,1,dQw4w9WgXcQ
@g.gabigomes,pqp vim do jogo l√° the false sun KKKKKKKJSJSJ,0,dQw4w9WgXcQ
@richarddixon3427,Lol just played.....I know a guy shady simulator and it gave me a qr code that sent me here.....lol,0,dQw4w9WgXcQ
@XxmclovinsxX,@pixelflow QR code рЯШВ,1,dQw4w9WgXcQ
@player-jq1pf,Em pleno 2026.,0,dQw4w9WgXcQ
@Darkvoid-69,0:42 meme,0,dQw4w9WgXcQ
@KanyeBeefBurger7060,Found a QR code on side walk I scanned it and it bring me here,0,dQw4w9WgXcQ
@JamesLyon-c5d,NoeрЯШВрЯШВрЯШВ,0,dQw4w9WgXcQ
@GuilhermeIgorP-f5c,Esses memes рЯШЕрЯШЕ,0,dQw4w9WgXcQ
@RyderOdell-h2n,Google just Rick rolled me,0,dQw4w9WgXcQ
@WilliamGamer2621,https://youtu.be/dQw4w9WgXcQ?is=NAD85rKuwT5l_ElV,0,dQw4w9WgXcQ
@Julainnavarrete,"Did anyone come from Temu ?

рЯСЗ",0,dQw4w9WgXcQ
@SnowconeGirl,What is this movie/show called??,0,dQw4w9WgXcQ
@Nightly_Serpent,Thank goodness I got an ad before the video started,0,dQw4w9WgXcQ
@dEmm0NalNoAi,"Who in 2026
рЯСЗ",63,dQw4w9WgXcQ
@ZVIR-0,Gonna give you up.,0,dQw4w9WgXcQ
@MiyukIkIYAH,Oh coвАФ *i say as I got rickrolled and dumbfounded*,0,dQw4w9WgXcQ
@IbtissamFahim,Who came from  pinterest  from the code barreрЯШВрЯШВрЯШВрЯШВрЯШВ its a scame,0,dQw4w9WgXcQ
@autumnross5822,Did anyone else scan a QR code and got this but thought it was going to be something else?,1,dQw4w9WgXcQ
@davimoraesalves8461,Quem veio do mapa do mecha chameleon,0,dQw4w9WgXcQ
@mak_sin_m√°s,pal lobby pa :D,0,dQw4w9WgXcQ
@mapsonballsop3417,Fuck deepseek Rick rolled me,0,dQw4w9WgXcQ
@jasonwhatley1399,2.444.647 comment,0,dQw4w9WgXcQ
@jasonwhatley1399,guys do this what i do,0,dQw4w9WgXcQ
@nnaayoushh,I was just trying to see the partyвАЩs location in the game elmwood trailвА¶,0,dQw4w9WgXcQ
@rad-i-ant,"I came here from the game ""an elmswood trail""рЯШ≠рЯЩПрЯПї",1,dQw4w9WgXcQ
@ikerantoniochavezruffo,https://youtu.be/dQw4w9WgXcQ?is=V-ogd-GS_GCBCmio,0,dQw4w9WgXcQ
@JoshuaD70,ok now how do I get to the admin of THM?,0,dQw4w9WgXcQ
@katerinaangelopoulou,Came here from a Tem√є shirt....,0,dQw4w9WgXcQ
@EvanzEvanza,GD COLOGNE RAAAAAAAAAAAAAAAAAAAAAAAAAAAAAAAAAAAAAAAAHHH,0,dQw4w9WgXcQ
@spikeblack5755,I got Rick rolled by a fucking image about cleaning up YouTube links from the palantir AI data harvester,0,dQw4w9WgXcQ
@kumozidabestlol,w rickrolled,0,dQw4w9WgXcQ
@SliceWithRice,"IвАЩm working with Codex on a YouTube extension, and it used this link for testing... Codex just Rickrolled me",0,dQw4w9WgXcQ
@jamilaaman7386,I got rickrolled,1,dQw4w9WgXcQ
@DavidBartolo-w5y,Rick Roll,0,dQw4w9WgXcQ
@DavidBartolo-w5y,NooooooooooooooooooooooooooooooooрЯШЃрЯШЃрЯШЃрЯШЃрЯШЃрЯШЃрЯШЃрЯШЃрЯШЃрЯШЃрЯШЃрЯШЃрЯШЃрЯШЃрЯШЃрЯШЃрЯШЃрЯШЃ,0,dQw4w9WgXcQ
@AidenGause,Rick rolled my family on trip,0,dQw4w9WgXcQ
@BaconOGBlox,2billion visit come on рЯОЙрЯОЙрЯОЙрЯОЙрЯОЙрЯОЙрЯОЙрЯОЙрЯОЙрЯОЙ,0,dQw4w9WgXcQ
@Green_NoobYT,i got rickrolled by scoutdigo рЯШ≠рЯШ≠рЯШ≠рЯШ≠рЯШ≠рЯШ≠рЯШ≠рЯШ≠,0,dQw4w9WgXcQ
@Shreddedcheese-628,"This will become 17 years ago on October 25, 2026",0,dQw4w9WgXcQ
@HarperS-e2y,Who came from simjis video,0,dQw4w9WgXcQ
@GianlucaScollo-r3j6s,But the link said free robux,1,dQw4w9WgXcQ
@NathanKelly58,This isnвАЩt GTA 6 Trailer 3 :вАЩ(,0,dQw4w9WgXcQ
@WHITESHADOW9595-f1,Bro why I thought it was free robux,0,dQw4w9WgXcQ
@Cloaked_Mike-17,I got rickrolled by a TryHackMe website рЯШ≠,0,dQw4w9WgXcQ
@elloway,QR codes for this link is now required in every game рЯШВ,0,dQw4w9WgXcQ
@Franco0184.s,This isn't GTA 6 Trailer 3 :'(,1,dQw4w9WgXcQ
@Urshi1st,Not that old. Love it anyway,0,dQw4w9WgXcQ
@IsabelMariaCastillaLopez,рЯШЕрЯОЄрЯНЯрЯНїрЯТГрЯХЇ,0,dQw4w9WgXcQ
@Juanaguirre-d5t,Hey prii p√≥ngale sabor вЭ§вЭ§вЭ§,0,dQw4w9WgXcQ
@mahyia658,Is not comparable to a trash lyrics now boys write about their lovers,0,dQw4w9WgXcQ
@77ggggg,Anyone who came from the DO NOT OPEN THIS ACCOUNT рЯЪ®  guy??,0,dQw4w9WgXcQ
@tubebammy,Holy shit the Avatar movie just got me Rick Rolled in 2026,0,dQw4w9WgXcQ
@WoodysFortnite,Why did thos even become a meme???!!!?!???!?рЯШВрЯШВрЯШВрЯШВрЯШВ,0,dQw4w9WgXcQ
@Heat1000yt,I posted the video,0,dQw4w9WgXcQ
@RomanOravec-u6e,just got rick rolled by this in my playlistрЯШЕ,0,dQw4w9WgXcQ
@ChessieTheRailroadKitten,I just got rick rolled from the seattle mystery vending machine,0,dQw4w9WgXcQ
@roblox_kid_12345,I got reic rolled from qr,0,dQw4w9WgXcQ
@Valdeci-kh7yb,Vim pelo printerest ;--;,0,dQw4w9WgXcQ
@Oahukoa1,IвАЩm using this to roll someone,0,dQw4w9WgXcQ
@09daimand,"Oh my astaghfirullah 1,7 billion view brother this is 16 years ago рЯШЃрЯШЃрЯШЃрЯШЃ",0,dQw4w9WgXcQ
@Hehe9134-z5w,I scanned a rq code in public and ended up here,0,dQw4w9WgXcQ
@ShadePlays58,who's here from the gdcolon website?,0,dQw4w9WgXcQ
@enjoymynewvideos,I got rickrolled,1,dQw4w9WgXcQ
@Dubotsholnickov,One and a half billion people were caught here,2,dQw4w9WgXcQ
@yourlocalfemboythevtuber,Not again рЯШҐ,0,dQw4w9WgXcQ
@DarrellNicols,verry nice song,1,dQw4w9WgXcQ
@hugoworld3302,Never trust a qr code,0,dQw4w9WgXcQ
@hemilynayara4316,Meccha chameleon?,2,dQw4w9WgXcQ
@khandles11,Ayeeee 2026 рЯТѓрЯТѓрЯТѓ,1,dQw4w9WgXcQ
@MiguelCrebber,0:43 never gonna give u up,1,dQw4w9WgXcQ
@giorgiusgiorgius2059,Of course youtube link never give you  free money,0,dQw4w9WgXcQ
@Ilovetigerss-m8m,Beni buraya bir karekod g√ґnderdi,1,dQw4w9WgXcQ
@ITZddjayden134,Bro chatgpt why did u Rickroll meрЯШ≠,2,dQw4w9WgXcQ
@MilaLi-e4t,Is it just me or does he look sorta like pastor Jeff from young sheldon,1,dQw4w9WgXcQ
@AkmalCakep-nh6du,Yang muncul ini gw scan di QR code,0,dQw4w9WgXcQ
@–Р–ї–µ–Ї—Б–µ–є-—И4–Њ3–ї,I have rickroll after 3 reuploaded,1,dQw4w9WgXcQ
@INTERGALACTICRESTAURANT,I kinda miss this era,0,dQw4w9WgXcQ
@anniepantojas303,This is the first time I seen this meme and it's cringe рЯШЕ,0,dQw4w9WgXcQ
@TherealDeitzy,Free robux....,0,dQw4w9WgXcQ
@joysithebe3103,55.60,0,dQw4w9WgXcQ
@RosalinRANDRIANAMBINYMANJAKALA,"I definitely didnвАЩt have manifesting figured out. I kept trying different techniques, getting nowhere and wondering what I was doing wrong. Vera HartвАЩs archetype quiz helped me understand that I was using methods that simply didnвАЩt match me. Nothing magically changed overnight, but it finally gave me some direction. ItвАЩs free, so you might as well try it.",2,dQw4w9WgXcQ
@AnnahKoloina,"La manifestation n'a jamais fonctionn√© pour moi et je me sentais vraiment mal. Je voyais tout le monde en parler comme si c'√©tait naturel, alors que je restais l√†, le c≈Уur bris√©. J'ai fait le test des arch√©types de Vera Hart par pur d√©sespoir, sans aucune attente. Et √Іa m'a parfaitement correspondu. Tellement, c'√©tait troublant. Je ne m'y attendais pas du tout. Si vous aussi, vous vous sentez coupable √† cause de √Іa, essayez. √Зa ne prend que deux minutes. вЭ§пЄП",0,dQw4w9WgXcQ
@oscarsanchez6425,Brais..... рЯШВрЯШВрЯШВ,0,dQw4w9WgXcQ
@jesscosmicartstudio,"I saw a QR code on Pinterest saying free robux,after i clicked the damn link i see this:",0,dQw4w9WgXcQ
@edwardheyang4815,ж∞ЄињЬжЬЙдЇЇж≠£еЬ®иІВзЬЛзЪДиІЖйҐС,0,dQw4w9WgXcQ
@Ў®ЎІЎ≥ўДЎ≥ўКўБЎІўДЎѓўКўЖ-Ўє7Ў≤,all my friends get rickrolled when i tell them click this link,0,dQw4w9WgXcQ
@–§–µ–і–Њ—А–Њ–≤-–±5–Ј,–І—С –Ј–∞ –љ–∞—Е!? –Ь–љ–µ —Б–Ї–∞–Ј–∞–ї–Є 2 —П—Й–Є–Ї–∞ –љ–Њ—А–Є –≤ –±—А–∞–≤–Њ —Б—В–∞—А—Б –і–∞–і—Г—В!,1,dQw4w9WgXcQ
@QuinnSilly_Goose,"Ppl obsessed with this song in 2026
рЯСЗ",0,dQw4w9WgXcQ
@AverageShadowYes,well played gdcolon. well played.,0,dQw4w9WgXcQ
@PetrMizera,I got rickrolled by qr code,0,dQw4w9WgXcQ
@WERTMAI,Someone in july/2026,43,dQw4w9WgXcQ
@Blad2580,I love temu,0,dQw4w9WgXcQ
@RealBaconboy-RobloxгБ§гБђгБђ,0:46 NEVER GONNA LET YOU DOWN,0,dQw4w9WgXcQ
@jiveedramnarase705,If you clicked on this you WILLFULLY chose to rick roll yourself,0,dQw4w9WgXcQ
@zoinkfurry1,Wheres the free robux,0,dQw4w9WgXcQ
@zoinkfurry1,This isnt robux,0,dQw4w9WgXcQ
@мЦілВШмЦікµђлГР,00:01,4,dQw4w9WgXcQ
@Liskas-v6d,1 700 000 000 000 wow,0,dQw4w9WgXcQ
@iguro_obanai-n-o7n,Well I told chatgpt to tell a famouse link and I got rickrolled,0,dQw4w9WgXcQ
@pedrapolijanna9996,"Vim pelo jogo de terror do Max mrm, tinha um QR Code que me direcionou pra c√° kkkk",0,dQw4w9WgXcQ
@sumanbala7985,I got rickrolled рЯШВрЯШВ,0,dQw4w9WgXcQ
@JavierBarroso-m2h,Uwu,0,dQw4w9WgXcQ
@georgemikadze7234,I love this song,0,dQw4w9WgXcQ
@cra6too,"I got rick rolled because my brother sent me a QR code, I scaned it and......рЯШВрЯШВрЯШВрЯШВрЯШВрЯШВрЯ§£рЯ§£рЯ§£рЯ§£рЯ§£",0,dQw4w9WgXcQ
@8q-r24,L MY FRIEND RUINED MY 16Y STREAK,1,dQw4w9WgXcQ
@angelakerketta9579,Bruh what was that?,0,dQw4w9WgXcQ
@DavidVOLLEYGuy,A fcking pinterest 10 mil rbx code was this?,0,dQw4w9WgXcQ
@TARKANBRADAR,but the link said free robux,0,dQw4w9WgXcQ
@Ghostcat69w,Just dance вЭ§,0,dQw4w9WgXcQ
@marinaguilherme8042,Good old days !,0,dQw4w9WgXcQ
@N00BYFRR,FUUUUUUUUUUUUUUUUUUUUUUUCK,0,dQw4w9WgXcQ
@PakH-dj6cb,He is so annoying,0,dQw4w9WgXcQ
@Tam√°sFodor-t6x,Tiszteletem barthal Andr√°s hajr√° bunvadaszok hajr√° mihazank рЯТ™рЯТ™рЯЗ≠рЯЗЇрЯЗ≠рЯЗЇрЯЗ≠рЯЗЇвЭ§пЄПвЭ§пЄПвЭ§пЄПрЯ§НрЯ§НрЯ§НрЯТЪрЯТЪрЯТЪрЯ§ЭрЯ§ЭрЯ§ЭвЬМпЄПвЬМпЄПрЯТѓрЯТѓрЯЩПрЯЩПрЯЂ°рЯЂ°рЯЂ°рЯЂ°рЯ§©рЯ§©рЯ§©рЯ•∞рЯ•∞рЯ•∞рЯ•≥рЯ•≥рЯ•≥рЯТРрЯТРрЯТРрЯТРрЯТР,0,dQw4w9WgXcQ
@dan_irl,I got Rick rolled on GarageBand рЯОЄ,0,dQw4w9WgXcQ
@–Э–Є–љ–∞–Я-—П2—М,–ѓ –њ–Њ–і–њ–Є—И—Г—Б—М —В–Њ–ї—М–Ї–Њ –Ј–∞ –∞–є–і–Є,0,dQw4w9WgXcQ
@–Э–Є–љ–∞–Я-—П2—М,Id —Г—А–Њ–≤–љ—П —Б–Ї–∞–ґ–Є –µ–≥–Њ –љ–µ—В –≤ –Њ–њ–Є—Б–∞–љ–Є–Є,0,dQw4w9WgXcQ
@thebestbadgehunter,gonna put this in a future arg,1,dQw4w9WgXcQ
@gpubenchmarkingguy,who came here from tryhackme?,2,dQw4w9WgXcQ
@4squadsandidiots,but the link said its a tutorial,0,dQw4w9WgXcQ
@kwetxy,but the link said free robux,1,dQw4w9WgXcQ
@Animations_T13,–ѓ —Б —В–Њ–±–Њ–є —Б–і–µ–ї–∞—О —Б—Л–ї–Ї—Г –Є –Њ—В–њ—А–∞–≤–ї—О –і—А—Г–≥—Г —Е–Њ—А–Њ—И–Њ?,0,dQw4w9WgXcQ
@IskalTun-m4c,Authorized QA check: static profile run verified.,0,dQw4w9WgXcQ
@IskalTun-m4c,Authorized QA check: interaction flow verified.,0,dQw4w9WgXcQ
@WEWILLTAKEREVENGEEDMILSONGAMER,YOUTUBE WHY'D YOU RICK ROLL ME ON YOUR MUSIC APP!?,0,dQw4w9WgXcQ
@Mafioso-forsaken1234,T cx anti,0,dQw4w9WgXcQ
@LautanCahayadarmanto-d8l,Big love from europeвЭ§,2,dQw4w9WgXcQ
@NotMe005-w1h,I got Rick rolled from qr code,0,dQw4w9WgXcQ
@Xenov1nity,I got Rickrolled by Google Gemini.,35,dQw4w9WgXcQ
@Benjamin-Rk4rz,A great man sung a great song in 16 years,1,dQw4w9WgXcQ
@IdkMyNameLoll43,GD COLON WHYYYYY,0,dQw4w9WgXcQ
@retarder-x1o,But link said free robux,1,dQw4w9WgXcQ
@Playmelonnonosouli,–°–њ–∞—Б–Є–±–Њ —Н–і–Є—Б–Њ–љ,0,dQw4w9WgXcQ
@koreanNoobs,"""Rick Astley will come back in avengers doomsday""",0,dQw4w9WgXcQ
@bobbyshrock,I just got Rick rolled,0,dQw4w9WgXcQ
@banz6249,I  rickrolled every one a day рЯШВрЯШВрЯШВрЯШВрЯШВрЯШВрЯШВрЯШВрЯШВ,0,dQw4w9WgXcQ
@mayhem614official,"It's been a while, hasn't it?",0,dQw4w9WgXcQ
@CharlieLagaray,https://youtu.be/dQw4w9WgXcQ?si=mZDj7mtmg-zLwqXC,0,dQw4w9WgXcQ
@CharlieLagaray,https://youtu.be/dQw4w9WgXcQ?si=mZDj7mtmg-zLwqXC,0,dQw4w9WgXcQ
@zamxcddy,"n√†o k√™u VN cƒГng nhбЇ•t th√ђ n√™n t√ђm hiбїГu Trung v√† k√ђ thi n√≥ kinh khбїІng cбї° n√†o, nhбЇ•t l√† c√°i cao khбЇ£o cбїІa n√≥",0,dQw4w9WgXcQ
@preeti-anythingandeverythi6530,i love this song,0,dQw4w9WgXcQ
@GamingwithEmma-mb3tg,Classic,0,dQw4w9WgXcQ
@l√ҐmHбЇ£i-y4e,is a meme,0,dQw4w9WgXcQ
@ShaneJensen-g2i,Ahhhh the old rickroll I see,8,dQw4w9WgXcQ
@TheBalognaPony,Mitch McConnell news sent me here....,0,dQw4w9WgXcQ
@–ґ–Њ—А–∞_–Ї—А—Г—В–Њ–є,,0,dQw4w9WgXcQ
@kennedytaylor2301,"i love that when he made this he had no idea how huge it would be, it's kinda sweet to see young talent at that time and have it blow up the way it did",1,dQw4w9WgXcQ
@PointPeculiar,IвАЩm glad Rick is still healthy and is in good shape until now.вЭ§рЯ•є,1,dQw4w9WgXcQ
@Franzjosephordenfjso,...entities,0,dQw4w9WgXcQ
@reySHA-e1l,who's watching this before GTA 6,0,dQw4w9WgXcQ
@ADawnz94,rickrolled,1,dQw4w9WgXcQ
@Brayden-e8s3r,Ishowspeed hates being rickrolled,1,dQw4w9WgXcQ
@jo12571z,ah era un rickroll XDDDDD,0,dQw4w9WgXcQ
@lostshady5005,HereвАЩs a song by a gay guy,0,dQw4w9WgXcQ
@fophoque,Hey that's kinda sad this fabulous video didn't get one comment since 6 years :<,0,dQw4w9WgXcQ
@shyamrajsubedi8060,I got Rick rold рЯШ≠,0,dQw4w9WgXcQ
@develsixteen-u1t,I just asked Gemini if rick Astley died but Gemini rick Astley is not dead,0,dQw4w9WgXcQ
@XDW4RR1OUR,Why am I rickrolling myself at 01:04 in the morning instead of sleeping,1,dQw4w9WgXcQ
@MaynardSagaoinit,POV: discord be like:,0,dQw4w9WgXcQ
@chandimaJ9875,Doesn't he look like our Simeon brown,0,dQw4w9WgXcQ
@мЮ°нШАмШ®мК§нГАмЭЉ,Where is free robux,0,dQw4w9WgXcQ
@richardezekiel3983,I was playing school 666 and got rickrolled twice,0,dQw4w9WgXcQ
@Sebstania,i fucking hate green ogre,0,dQw4w9WgXcQ
@lavernedavis4416,One of my favorite songs рЯФ•,1,dQw4w9WgXcQ
@perpkilla7760,Bobby shmurder getting a billion views brought me here рЯЂ†,1,dQw4w9WgXcQ
@BlueEyedDevil1161,YouTube should make this video add free as an exception..,1,dQw4w9WgXcQ
@creek76,Besides the memes this song is awesome! I love the 80s рЯ™©,0,dQw4w9WgXcQ
@Randomstuffyouneed,But link said free robux,0,dQw4w9WgXcQ
@TylerReed-h9i,I got this from a Minecraft QR tnt,1,dQw4w9WgXcQ
@LunV132_YT,There is a reasom it has 1.7billion veiws,1,dQw4w9WgXcQ
@Gracejjsstickerballover2000,ads once more,2,dQw4w9WgXcQ
@VoteForGunGames,BRO I GOT RICKROLLED BY A FAKE ROBLOX APP,1,dQw4w9WgXcQ
@John_Gdnoob,But the link said free youtube premium,1,dQw4w9WgXcQ
@CrisleidyCabrera-ii2er,Intente entrar en una pagina de descargar mangas y al presionar me envio aqui no se si es una ventana emergente o una broma de las creadores pero me siento timado,0,dQw4w9WgXcQ
@duoforce2-e6x,I just found a Qr Code in a Game and now I am here,1,dQw4w9WgXcQ
@ILAN12346,My fkn ai send me this Link...,1,dQw4w9WgXcQ
@Brendan-jka,best song ever,0,dQw4w9WgXcQ
@ThatOneMemeGuy23,That one free robux link:,0,dQw4w9WgXcQ
@mizesh,Eu scaneei no meccha chameleon рЯШВ,0,dQw4w9WgXcQ
@Gio_Perez13,I scanned a QR code on a car and it sent me to this bro,0,dQw4w9WgXcQ
@dan_irl,I Rickrolled my friend рЯШВрЯШВрЯШВ,0,dQw4w9WgXcQ
@discordcat12,"Bro, I was playing a game and it sent me to this video because I lost рЯШВ",0,dQw4w9WgXcQ
@jurgenhagele2079,First gig at Liederhalle Stuttgart I was there!,0,dQw4w9WgXcQ
@jurgenhagele2079,вЭ§,0,dQw4w9WgXcQ
@4friends12th,I SCANNED A CODE,0,dQw4w9WgXcQ
@Vuhthegoated,Imma rickroll my friend,0,dQw4w9WgXcQ
@ethanparker314,Hello,2,dQw4w9WgXcQ
@ElethuMphakathi,I wish Rick Astley would go back to his younger days,2,dQw4w9WgXcQ
@proyectotesi675,In 0:03 is the meme рЯШВрЯШВрЯШВрЯШВрЯШВрЯШВ,2,dQw4w9WgXcQ
@imrealzoink,But link said free robux,3,dQw4w9WgXcQ
@maxelallred5824,I just got rickrolled :(,1,dQw4w9WgXcQ
@I-am-Zinox-24,From here in 2026,1,dQw4w9WgXcQ
@BLINKG4M3,Nah sambucas was fire,0,dQw4w9WgXcQ
@BLINKG4M3,Nay I teacher played this in the classroom while everyone got rickrolled at school,0,dQw4w9WgXcQ
@Alexander-ue1fs,Game name?,1,dQw4w9WgXcQ
@JoleanHess-j3k,We all know he will never give us up,2,dQw4w9WgXcQ
@sabayonte815,Walaszek kiedy Bomba,0,dQw4w9WgXcQ
@Debo-b6g,"Galaxy, Grim",0,dQw4w9WgXcQ
@RachelMitchell-jt2js,I scan QR code and a Superman game on dreams the game and now IвАЩm here,0,dQw4w9WgXcQ
@LKS_013,those who are here because of a Brawl Stars QR code,0,dQw4w9WgXcQ
@jayfnnbr,WhoвАЩs here from the skip evolution,0,dQw4w9WgXcQ
@PLAYTIMESINAMIC,Wtf did fifa rickrolled me,0,dQw4w9WgXcQ
@auramatic_yay,"Colon, I WILL find you.",0,dQw4w9WgXcQ
@BUDDERNOODLES,NEVER GUNNA GIVE YOU UP,1,dQw4w9WgXcQ
@fenhanho,Like aqu√≠ si est√°s aqu√≠ por el aleman,0,dQw4w9WgXcQ
@baddieswithdior,who else came from loopit?,0,dQw4w9WgXcQ
@ricaurterpittichial3405,Regions Of Ruin: Runegate Qr,0,dQw4w9WgXcQ
@magnuslvn,"You here. Can confirm, he never gave you up.",3,dQw4w9WgXcQ
@ZurikoLogua-l8b,Youtube music just rick rolled me рЯ•А,0,dQw4w9WgXcQ
@yoopikay,curse you hey riddle ridde,0,dQw4w9WgXcQ
@sillyxxstarr,Pixel flow got me рЯШЕ,0,dQw4w9WgXcQ
@kinostudio2017,"i ask gpt codex design a video player page
he give me this link....",0,dQw4w9WgXcQ
@forti2698,i got rickrolled by claude code,0,dQw4w9WgXcQ
@RageMan2008,"Rickrolled in July 2026, whilst searching for the Soviet UnionвАЩs national anthem, I came across this video вАУ itвАЩs brilliant.",0,dQw4w9WgXcQ
@padmarao3595,0:01 get Rick rolled,0,dQw4w9WgXcQ
@soullivann,i got rick rolled by my pixel flow app рЯШВ,0,dQw4w9WgXcQ
@Luvnana-1,My robux ?!,0,dQw4w9WgXcQ
@HeenaKothari-t9x,бі° ЬбіП sбіАбі° біЫ Ь…™s.біП…і біШ…™…ібіЫ АбіЗsбіЫ біА…ібіЕ …™біЫ …Ґ…™бі†біЗs біЬ біЫ Ь…™s,0,dQw4w9WgXcQ
@rosedust2009,"Every time 
I fall for it sigh",0,dQw4w9WgXcQ
@DucwsPhats,I'm from Vietnam and I really like this song рЯШК,0,dQw4w9WgXcQ
@KhairiGreen-w9r,YOUTUBE UR MY FAN,1,dQw4w9WgXcQ
@DragonTrickzFurr,I just got rickrolled by Burning spice cookie on pintrest. :0,2,dQw4w9WgXcQ
@TaniksJr,Having ads on this ruins the element of surprise ngl,1,dQw4w9WgXcQ
@3ntah_lah4akun2,Oh no I got rikrolled,1,dQw4w9WgXcQ
@Miguelzin_TV-√Єficial,"рЯЗЇрЯЗЄ Hahahahaha
рЯЗІрЯЗЈ Kkkkkkkkkkk
рЯЗ™рЯЗЄ Jajajajaja",0,dQw4w9WgXcQ
@adrianamartinsguedes2143,Quem veio por causa do qr code do Abel kakakaka,0,dQw4w9WgXcQ
@Mr_Matrixxcountryballs,"Cai redondito xd















A verdad que soy un countryball osea que literalmente cai redondo xd",0,dQw4w9WgXcQ
@dan_irl,If u came here then u got RICK ROLLEDрЯШВрЯШВрЯШВ,0,dQw4w9WgXcQ
@dan_irl,If u came here then u got RICK ROLLEDрЯШВрЯШВрЯШВ,0,dQw4w9WgXcQ
@Mr_Matrixxcountryballs,._.,0,dQw4w9WgXcQ
@LucilleTheron,Beautifull song lovely voice рЯШКвЭ§,1,dQw4w9WgXcQ
@edugamerbryt_ofc,Oh ok,1,dQw4w9WgXcQ
@RDRKAMBING,This video is old and I just watched it in 2026 рЯЧњрЯШє,0,dQw4w9WgXcQ
@inkis.,fire,0,dQw4w9WgXcQ
@Fire_kitsune18,This song never feels old!,2,dQw4w9WgXcQ
@Fire_kitsune18,This is Rick Astley's top 1 song in the whole world also I like this song of him!,2,dQw4w9WgXcQ
@Fire_kitsune18,I think this song used to be trending on 2023 or 2024 Ig?,14,dQw4w9WgXcQ
@Fire_kitsune18,After so much years I m hearing this song & it brought some nostalgia!,2,dQw4w9WgXcQ
@Fire_kitsune18,Whose here July 2026?,1,dQw4w9WgXcQ
@Hegemer_325,–Ї–∞–Ї –љ–µ–Њ–ґ–Є–і–∞–љ–љ–Њ –Є –њ—А–Є—П—В–љ–Њ,0,dQw4w9WgXcQ
@Spinach64,Black dude trying to show Rick how to actually roll,0,dQw4w9WgXcQ
@AtlasClips101,He never let us down,0,dQw4w9WgXcQ
@NathalieNdemengane,So it's because of this video that more than half the world raged On the internet ? рЯШР,0,dQw4w9WgXcQ
@Gracecrouchandjude,but link sayd fre robux :(,0,dQw4w9WgXcQ
@WesleyChiu-n6q,Rick rolled,0,dQw4w9WgXcQ
@JanruieKayinLeonardo,1:25 bestрЯТѓрЯТѓрЯТѓ,0,dQw4w9WgXcQ
@RANDOM.OBSESSIONS.2332,I was on call with my friends and rick rolled them by screen sharing,7,dQw4w9WgXcQ
@wambuimuturi2662,2026? July?,26,dQw4w9WgXcQ
@ZwnMan,https://youtu.be/dQw4w9WgXcQ?si=-JjHzSM83kUe1aw8 This one about the roses.,0,dQw4w9WgXcQ
@nwm-l4l,I am from Pinterest,0,dQw4w9WgXcQ
@SalemDosYT,I DONT HAVE PREMIUM >:D MRWHOSETHEBOSS      >:D,0,dQw4w9WgXcQ
@RoziyaxonMaxmudova,рЯФ•рЯФ•рЯФ•,0,dQw4w9WgXcQ
@CookieFilterGodd,Bro I was watching mj on yt music but I got rickrolled рЯШВ,0,dQw4w9WgXcQ
@–Є–≥—А—Л-—А–Њ–±–ї–Њ–Ї—Б-–Љ–∞–є–Ї—А–∞—Д—В,–Э–µ–≤–µ—А –≥–Њ–љ–∞ –≥–Є–≤ —О –∞–њ,0,dQw4w9WgXcQ
@TelamonOnYT,"I was rickrolled, got saved by an ad.",0,dQw4w9WgXcQ
@aswong5804,Popular hit song in the disco in 80s.,0,dQw4w9WgXcQ
@BelugaAirbusavition,Lan sus yapan quar kodda mistik ≈Яarkƒ± var,0,dQw4w9WgXcQ
@ppgbilss,Hihipuffyamiyumi,0,dQw4w9WgXcQ
@SamOneIIaBrocoli,"FuckвА¶
He catch meвА¶",0,dQw4w9WgXcQ
@GabrielCadeDiamante,Rickrolled,0,dQw4w9WgXcQ
@ttackalb,where is my free robux,1,dQw4w9WgXcQ
@davidkunst8598,":
https://www.youtube.com/watch?v=K5zP7eQltDE",1,dQw4w9WgXcQ
@Great_WesternTVFan,We played this song after we scored against Norway last night,0,dQw4w9WgXcQ
@pavloni10,I hate 67,1,dQw4w9WgXcQ
@chronosaethermacay1207,I scan the qr code this happened,1,dQw4w9WgXcQ
@дєЭе∞Њ-0425,Hello.,1,dQw4w9WgXcQ
@Saryperson,my god I nearly got rickrolled but THANK GOD I didn't get yt prenium,1,dQw4w9WgXcQ
@Charlie-y8b7t,1.7bn views new record!!!!!!,0,dQw4w9WgXcQ
@Charlie-y8b7t,Someone copied and pasted my phone and then I got  rickrolled,0,dQw4w9WgXcQ
@choo_33,нБђнЭ† нБЉ нБЉ нБђнЭ†нЭ† нБЉ,0,dQw4w9WgXcQ
@Charlie-y8b7t,Make Me think of   Iiiii loveeee chocolateeee,0,dQw4w9WgXcQ
@AlzhemAlzhem,Hacke рЯШВ,0,dQw4w9WgXcQ
@AdamMurin-h4m,Enak tak kena prank,0,dQw4w9WgXcQ
@carrotzu,freaking 'the false sun' qr brought me here рЯШ≠,0,dQw4w9WgXcQ
@yin16805,QрЯ•А,2,dQw4w9WgXcQ
@TheOneNotToBeNamed-c7b,"This is honestly just a really good song
If dadeadJed and mr j-cubical see this video they are awesome",0,dQw4w9WgXcQ
@Mulynlff,tecno anj,0,dQw4w9WgXcQ
@sleepground_love_1228,рЯУѓрЯУѓрЯУѓлњМгА∞пЄПмХДмЭік≥† кєЬмІЭмЭімХЉрЯШµмЦі?нХСнХСмХДрЯРМмШ§лКШмЭі лђімК®мЪФмЭЉмЭімХЉ? л®А~рЯРМмЫФмЪФмЭЉ?рЯШ≤мХД~мЫФмЪФмЭЉрЯОЈмЫФмЪФмЭЉрЯМЭмҐЛмХДгА∞пЄПрЯЩЖвАНвЩАпЄПмµЬк≥†л°ЬмҐЛмХДгА∞пЄПрЯЩЖвАНвЩАпЄПлВЬрЯІАмЭЉнХ†лХМрЯНФм†ЬмЭЉ л©ЛмІАмІАрЯШОмШ§лКШлґАнД∞рЯТ™мЧімЛђнЮИрЯІ†нХ†к±∞мХЉ мШ§мҐЛмХДрЯТ©мЫФмЪФмЭЉ мҐЛмХДгА∞пЄПрЯЫБк∞ЩмЭі лґИлЯђрЯОЩнХСнХСмХДрЯРМлГФлГФлГРлГРлГРгА∞пЄПлГФлГФлГРлГРлГРгА∞пЄПмЫФмЪФмЭЉрЯОґмЫФмЪФмЭЉрЯОґмЫФмЪФмЭЉрЯ•БмЫФмЪФмЭЉ мҐЛмХДгА∞пЄПрЯ¶См†Ьл∞Ь мҐА м°∞мЪ©нЮИнХірЯ§ђмЫФмЪФмЭЉмЭі мҐЛмХДмДЬ лВЬл¶ђлЦ†лКФрЯ§ЄвАНвЩАпЄПл©Нм≤≠мЭілКФ мЭімДЄмГБмЧР лДИлњРрЯІАмЭЉкЇЉмХЉрЯЧњв≠РпЄПмЫФмЪФмЭЉ мҐЛмХДрЯ¶СлІЩмЖМмВђрЯ§ѓмІДмІЬ лІЫмЮИлКФ лВ†мЭімХЉрЯТ®рЯ¶См†Ьл∞Ь кЈЄлІМ нХірЯТ¶лГ†лГ† к≤МмВіл≤Дк±∞ лДМ мДЄрЯНФк∞ЬрЯНФл®ємЦірЯНФмШ§мШИ лЕЄлЮШнХШмЮРрЯО§лВімЫФмЪФмЭЉрЯІАмҐЛмХДгА∞пЄПмЫФмЪФмЭЉрЯ¶СмҐЛмХДв≠РпЄПгА∞,0,dQw4w9WgXcQ
@LucaChoiEnoch-K22583,"but link sayd free robux
(Recreation)",0,dQw4w9WgXcQ
@hexagonal69,How could you do this to me Loom Games?! I didnвАЩt expect you to rickroll me with a whole level!,1,dQw4w9WgXcQ
@joshbrall8711,I like to rick roll myself sometimes,0,dQw4w9WgXcQ
@melon_9-d5s,"WeвАЩre no strangers to love
You know the rules and so do I
A full commitmentвАЩs what IвАЩm thinking of
You wouldnвАЩt get this from any other guy

I just wanna tell you how IвАЩm feeling
Gotta make you understand

Never gonna give you up
Never gonna let you down
Never gonna run around and desert you
Never gonna make you cry
Never gonna say goodbye
Never gonna tell a lie and hurt you

WeвАЩve known each other for so long
Your heartвАЩs been aching but youвАЩre too shy to say it
Inside we both know whatвАЩs been going on
We know the game and weвАЩre gonna play it

And if you ask me how IвАЩm feeling
DonвАЩt tell me youвАЩre too blind to see

Never gonna give you up
Never gonna let you down
Never gonna run around and desert you
Never gonna make you cry
Never gonna say goodbye
Never gonna tell a lie and hurt you",0,dQw4w9WgXcQ
@Thatguywhoeatalotoffood,https://youtu.be/dQw4w9WgXcQ?si=M9m-Ea_UpFQ_Lclc,0,dQw4w9WgXcQ
@C0sm1cZ_DDLC,yo i got rickrolled from pinterest,3,dQw4w9WgXcQ
@BAZUKA_ADAM,Coffeemaniada wi fi axtaran 1 …Щd…Щd m…Щn,0,dQw4w9WgXcQ
@–Ъ—Б–µ–љ–Є—П–Ф–Є–±—А–Є–≤–љ–∞—П-–њ2–љ,it is my the best meme,0,dQw4w9WgXcQ
@Zkxcitus,But link said free robux,1,dQw4w9WgXcQ
@eddajay,1.8 billion views,0,dQw4w9WgXcQ
@eddajay,"I wasnвАЩt rickrolled , just wanted to know who sung the song and to my surprise he wasnвАЩt black рЯШВ",0,dQw4w9WgXcQ
@ridhoalfarizi3249,But link sayd free robux рЯ•≤,0,dQw4w9WgXcQ
@ridhoalfarizi3249,But link sayd free robux,0,dQw4w9WgXcQ
@chandanbhoir9900,What is the use of Qr code,0,dQw4w9WgXcQ
@SaralinaLove,Best song ever!!вЭ§рЯОЙвЭ§,0,dQw4w9WgXcQ
@TeexderBleeydrer,I tried setting the time to 3:00 AM for Sticknodes Demon and Ralph rickrolled me.,0,dQw4w9WgXcQ
@MamatRahmat-kj1nx,"I even got rick lol, it's hilarious",0,dQw4w9WgXcQ
@нПђнВ§-t7v,Ramdom qr code and this?,1,dQw4w9WgXcQ
@djdashsa,Anyone from Traders homeрЯШєрЯШєрЯШє,0,dQw4w9WgXcQ
@dip.2271,i miss this soo much that i'm Rick Rolling myself everyday by clicking this video.,0,dQw4w9WgXcQ
@ElFabdam04,Tremenedo trolleo рЯ•≤,1,dQw4w9WgXcQ
@ma.jasmineblanco8128,This is probably the most likes a comment section has,0,dQw4w9WgXcQ
@Everly_Everly-x4h,Where is my Robux рЯШ°,0,dQw4w9WgXcQ
@AyesArikasyifa,I scan at the pin and it's like this,0,dQw4w9WgXcQ
@Elterreneitor4000,Who else came because of that guy with his QR in minecraft,0,dQw4w9WgXcQ
@1nternet-p3rson,Anyone else come from Pinterest...,0,dQw4w9WgXcQ
@WOSETWAN,Never gonnaрЯ•≥рЯ•≥рЯ•≥рЯ•≥рЯ•≥рЯ•≥рЯ•≥,0,dQw4w9WgXcQ
@NoiLe-zx3jh,https://youtu.be/dQw4w9WgXcQ?si=ww6DJynBkKHbdnLm,1,dQw4w9WgXcQ
@KennyBeney-f5n,Often. Wonder. What. Happen. To. Mr.  Rick. Ashly. Any. Input?,1,dQw4w9WgXcQ
@bernardo_campos70,Who's here because of Odin Project?,0,dQw4w9WgXcQ
@FLIPSY904,1:19 so this is where tylil got it from...,1,dQw4w9WgXcQ
@Kai-rou-8tori,I scanned a qr code in elmwood trail this is what I got,1,dQw4w9WgXcQ
@paulabaickle1180,1/8 of the world got rckrolledрЯШВрЯШВрЯШВрЯШВрЯШВрЯШВрЯШВ,0,dQw4w9WgXcQ
@AliciaSantosQueiroz,√Ф T3DDY Q ISSO CARA! KAKAKAKA @T3ddy,0,dQw4w9WgXcQ
@ArsenalFCMercedesF1,I drive pass a car see a QR code I scan it I see YouTube pull up and I know I have been Rick rolled,0,dQw4w9WgXcQ
@Duck_God,lmfao found this in a qr code in a mobile game,0,dQw4w9WgXcQ
@MV-j5s,Pinterest broрЯШВ,0,dQw4w9WgXcQ
@Julieta-x1,вА¶,0,dQw4w9WgXcQ
@CheezyGamer3000,25000000 coment,0,dQw4w9WgXcQ
@TillysTonics,"honestly we just think of this as a silly joke, but actualy like... THIS SONG IS ABSOLUTE FIRE",0,dQw4w9WgXcQ
@BautistaSoria-oz1db,Bro dawn ppsspp,0,dQw4w9WgXcQ
@Smorasantillan,The ads rickeolled me,0,dQw4w9WgXcQ
@MondayCat67,Imagine getting rickrolled by my own playlistрЯТФ,0,dQw4w9WgXcQ
@jll-h1h,Beluga You cheated meрЯШ≠,0,dQw4w9WgXcQ
@YrammeJayPalomo,"To my students, I'm signing out рЯ¶Ж",0,dQw4w9WgXcQ
@JuberryCasimir-o9h,#1:19,0,dQw4w9WgXcQ
@JoshuaToney-f5f,He definitely knowz how to treat women,0,dQw4w9WgXcQ
@Brett-x6w,I got Rick rolled bro naaaaaaaaрЯШВ,1,dQw4w9WgXcQ
@AnnyDayanaVasquezCaicedo,El QR de meccha chamaleon рЯТФ,0,dQw4w9WgXcQ
@dblm12,"J'adore cette vid√©o, √Іa explique bien les choses !",0,dQw4w9WgXcQ
@forky_224,Probably the only video on YouTube that guaranteed to give you at least 10k likes,0,dQw4w9WgXcQ
@Creepeop,"Not planing on playing 
Evil Brookhaven and I'm going to
Vacation soon so let's go play 
Evile Brookhaven now and
Run to play 
Gorilla tag in gorilla glue
On USA and 
Not using ai and
Nothing else
And
Give my cat some food and
Ice cream fo me an
Vacation is good oh and
Elon musk just played roblox
Yooo I'm with him he is giving me his newest car
Osla 2890 and made in
Usa with 
Uranium glass and its
Premium.",0,dQw4w9WgXcQ
@SASCHA_STAR_11,I JUST GOT RICKROLLED,0,dQw4w9WgXcQ
@LiamInScratch,famous internet joke ever,0,dQw4w9WgXcQ
@o5r8it,"Who else got rick rolled from no roll bard?рЯШВрЯШВ

whyhastheworldgotsohotandnowsoveryverycold",0,dQw4w9WgXcQ
@SPROUTSEEDLY123-t1f,I had scanned a QR code on a sticker at a store and it led me here,0,dQw4w9WgXcQ
@Mariano-v1s,Vengo de temu,0,dQw4w9WgXcQ
@shinywr-t5v,"""The site says free robux""",0,dQw4w9WgXcQ
@Welcometoourtown,Just saw this on 105.7 WROR,0,dQw4w9WgXcQ
@BotiXD_YTB,"I just fell for it again, F-",0,dQw4w9WgXcQ
@Familyway2Fun,yayayayayayayay,0,dQw4w9WgXcQ
@OreoVidzOfficial,Just rickrolled my brother by linking my phone to the tv and playing this,0,dQw4w9WgXcQ
@LaminatedPumpkin,ngl its good sense to memorise the lyrics,0,dQw4w9WgXcQ
@64bitcpu,i came here through a secret universe video,0,dQw4w9WgXcQ
@vsevlastnayapersona,–Љ–µ–љ—П –Ј–∞—А–Є–Ї—А–Њ–ї–Є–ї–Є,0,dQw4w9WgXcQ
@lamborghinirevuelto4-4,This song made me nostalgic. Is from 2009,1,dQw4w9WgXcQ
@HeLL08665,1.7 billion views crazy,0,dQw4w9WgXcQ
@KawaguchiOnYT,Got sent this not knowing it was the rickroll рЯШ≠рЯЩП,1,dQw4w9WgXcQ
@yoyo0924,I got rickrolled by rickroll,0,dQw4w9WgXcQ
@FranjoMassi,Rick roll from Meccha ChamleonвА¶,0,dQw4w9WgXcQ
@JudyMudd-x6b,рЯФірЯЫСJJiiThankiYouiв≠Рв≠Рв≠Рв≠РвЭХрЯІ≠вЫљрЯІ≠вЫљрЯІ≠вЫљрЯІ≠вЫљрЯТЄрЯ™ЩрЯТ∞рЯТ≥рЯТµрЯТЄрЯ™ЩрЯТ∞рЯТ≥рЯТµрЯТЄрЯ™ЩрЯТ∞рЯТ≥рЯТµрЯТЄрЯ™ЩрЯТ∞рЯТ≥рЯТµвЭХрЯЪЩрЯЪЧрЯЫїрЯЪРрЯЪЪрЯЪЫрЯЪХрЯЪХрЯЪХрЯЪХрЯЪХрЯЪХрЯЪХрЯЪХвЭХрЯПЖрЯПЖрЯПЖрЯПЖрЯПЖрЯПЖрЯПЖрЯПЖрЯПЖвЭХрЯОЦпЄПрЯПЕрЯ•ЙрЯПЕрЯОЦпЄПвЭХрЯЕ∞пЄПвЬЭпЄПрЯЕ∞пЄПрЯЕ∞пЄПвЬЭпЄПрЯЕ∞пЄПрЯЕ∞пЄПрЯЕ∞пЄПвЬЭпЄПрЯЕ∞пЄПрЯЕ∞пЄПрЯЕ∞пЄПрЯЕ∞пЄПвЬЭпЄПв≠Рв≠РвЭХв≠Рв≠РвЭХв≠Рв≠Рв≠РвЭХв≠Рв≠Рв≠Рв≠РвЭХ,0,dQw4w9WgXcQ
@RoseRed-x7i,Lol,0,dQw4w9WgXcQ
@annihilationjohndoe15,*G E T     R I C R O L L E D!*,0,dQw4w9WgXcQ
@Fishy-lover-fishy,"People who got it from a teardown qr code
рЯСЗ",4,dQw4w9WgXcQ
@NFTenjoyer,Faaaaaaaaaaaaah,0,dQw4w9WgXcQ
@jamaicafutballa09,Rick Rolls don't work anymore because of greedy corporate obsession with Ads рЯШВ,1,dQw4w9WgXcQ
@FanOfPBSConsolesAndStuff,"Did you know that he's originally British, but rickrolls could be much stupid but tough! рЯШВ",0,dQw4w9WgXcQ
@MakiMister,Just bought a hoodie With a QR code Of this. I bet IвАЩm gonna rick roll like 100 People today.,0,dQw4w9WgXcQ
@Schlauontwitch,I got rickrolled by a QR code on Mecca chameleon,0,dQw4w9WgXcQ
@batuhanipekipek7345,Never Gonna Give You Up  :),0,dQw4w9WgXcQ
@X9zCarlos,Got rickrolled on meccha chamaleon map lol,0,dQw4w9WgXcQ
